prod_date,product_id,line,planned_qty,actual_qty,downtime_hours
2025-09-01,P001,产线1,29,29,0.0
2025-09-01,P002,产线1,36,35,0.0
2025-09-01,P003,产线2,42,41,0.0
2025-09-01,P004,产线2,29,25,1.46
2025-09-01,P005,产线3,76,70,0.93
2025-09-01,P006,产线3,288,269,0.0
2025-09-02,P001,产线1,30,29,0.0
2025-09-02,P002,产线1,34,33,0.0
2025-09-02,P003,产线2,41,38,0.0
2025-09-02,P004,产线2,27,26,0.0
2025-09-02,P005,产线3,79,75,0.0
2025-09-02,P006,产线3,290,270,0.0
2025-09-03,P001,产线1,31,23,3.59
2025-09-03,P002,产线1,34,32,0.0
2025-09-03,P003,产线2,38,36,0.0
2025-09-03,P004,产线2,28,27,0.0
2025-09-03,P005,产线3,82,81,0.0
2025-09-03,P006,产线3,293,283,0.0
2025-09-04,P001,产线1,30,29,0.0
2025-09-04,P002,产线1,36,32,1.03
2025-09-04,P003,产线2,40,40,0.0
2025-09-04,P004,产线2,27,27,0.0
2025-09-04,P005,产线3,81,56,3.91
2025-09-04,P006,产线3,294,293,0.0
2025-09-05,P001,产线1,30,28,0.0
2025-09-05,P002,产线1,36,35,0.0
2025-09-05,P003,产线2,38,35,0.0
2025-09-05,P004,产线2,27,27,0.0
2025-09-05,P005,产线3,83,80,0.0
2025-09-05,P006,产线3,291,282,0.0
2025-09-06,P001,产线1,30,28,0.0
2025-09-06,P002,产线1,35,34,0.0
2025-09-06,P003,产线2,41,39,0.0
2025-09-06,P004,产线2,29,28,0.0
2025-09-06,P005,产线3,80,76,0.0
2025-09-06,P006,产线3,305,301,0.0
2025-09-07,P001,产线1,31,29,0.0
2025-09-07,P002,产线1,34,34,0.0
2025-09-07,P003,产线2,39,36,0.0
2025-09-07,P004,产线2,28,26,0.0
2025-09-07,P005,产线3,76,75,0.0
2025-09-07,P006,产线3,305,295,0.0
2025-09-08,P001,产线1,29,27,0.0
2025-09-08,P002,产线1,35,35,0.0
2025-09-08,P003,产线2,40,40,0.0
2025-09-08,P004,产线2,29,28,0.0
2025-09-08,P005,产线3,77,74,0.0
2025-09-08,P006,产线3,310,308,0.0
2025-09-09,P001,产线1,31,31,0.0
2025-09-09,P002,产线1,35,34,0.0
2025-09-09,P003,产线2,40,38,0.0
2025-09-09,P004,产线2,29,28,0.0
2025-09-09,P005,产线3,78,78,0.0
2025-09-09,P006,产线3,297,237,2.73
2025-09-10,P001,产线1,31,29,0.0
2025-09-10,P002,产线1,36,35,0.0
2025-09-10,P003,产线2,40,38,0.0
2025-09-10,P004,产线2,27,25,0.0
2025-09-10,P005,产线3,79,77,0.0
2025-09-10,P006,产线3,293,284,0.0
2025-09-11,P001,产线1,31,30,0.0
2025-09-11,P002,产线1,37,35,0.0
2025-09-11,P003,产线2,39,37,0.0
2025-09-11,P004,产线2,27,27,0.0
2025-09-11,P005,产线3,77,73,0.0
2025-09-11,P006,产线3,291,271,0.0
2025-09-12,P001,产线1,30,30,0.0
2025-09-12,P002,产线1,33,33,0.0
2025-09-12,P003,产线2,42,41,0.0
2025-09-12,P004,产线2,28,27,0.0
2025-09-12,P005,产线3,77,72,0.0
2025-09-12,P006,产线3,314,293,0.0
2025-09-13,P001,产线1,30,30,0.0
2025-09-13,P002,产线1,36,35,0.0
2025-09-13,P003,产线2,39,39,0.0
2025-09-13,P004,产线2,27,27,0.0
2025-09-13,P005,产线3,80,76,0.0
2025-09-13,P006,产线3,290,271,0.0
2025-09-14,P001,产线1,29,29,0.0
2025-09-14,P002,产线1,35,30,2.07
2025-09-14,P003,产线2,41,39,0.0
2025-09-14,P004,产线2,28,28,0.0
2025-09-14,P005,产线3,80,78,0.0
2025-09-14,P006,产线3,288,273,0.0
2025-09-15,P001,产线1,30,30,0.0
2025-09-15,P002,产线1,36,35,0.0
2025-09-15,P003,产线2,38,37,0.0
2025-09-15,P004,产线2,29,21,3.55
2025-09-15,P005,产线3,82,80,0.0
2025-09-15,P006,产线3,297,284,0.0
2025-09-16,P001,产线1,30,28,0.0
2025-09-16,P002,产线1,36,35,0.0
2025-09-16,P003,产线2,39,36,0.0
2025-09-16,P004,产线2,28,27,0.0
2025-09-16,P005,产线3,83,79,0.0
2025-09-16,P006,产线3,306,286,0.0
2025-09-17,P001,产线1,30,30,0.0
2025-09-17,P002,产线1,36,34,0.0
2025-09-17,P003,产线2,41,39,0.0
2025-09-17,P004,产线2,28,27,0.0
2025-09-17,P005,产线3,78,78,0.0
2025-09-17,P006,产线3,308,291,0.0
2025-09-18,P001,产线1,31,29,0.0
2025-09-18,P002,产线1,35,33,0.0
2025-09-18,P003,产线2,38,35,1.11
2025-09-18,P004,产线2,28,27,0.0
2025-09-18,P005,产线3,76,72,0.0
2025-09-18,P006,产线3,304,298,0.0
2025-09-19,P001,产线1,31,31,0.0
2025-09-19,P002,产线1,36,34,0.0
2025-09-19,P003,产线2,38,33,1.73
2025-09-19,P004,产线2,28,27,0.0
2025-09-19,P005,产线3,81,73,0.99
2025-09-19,P006,产线3,300,295,0.0
2025-09-20,P001,产线1,30,29,0.0
2025-09-20,P002,产线1,35,34,0.0
2025-09-20,P003,产线2,41,39,0.0
2025-09-20,P004,产线2,28,26,0.0
2025-09-20,P005,产线3,78,76,0.0
2025-09-20,P006,产线3,288,198,3.85
2025-09-21,P001,产线1,30,29,0.0
2025-09-21,P002,产线1,34,33,0.0
2025-09-21,P003,产线2,40,39,0.0
2025-09-21,P004,产线2,28,27,0.0
2025-09-21,P005,产线3,80,79,0.0
2025-09-21,P006,产线3,306,293,0.0
2025-09-22,P001,产线1,29,28,0.0
2025-09-22,P002,产线1,36,34,0.0
2025-09-22,P003,产线2,39,36,0.0
2025-09-22,P004,产线2,28,26,0.0
2025-09-22,P005,产线3,83,77,0.0
2025-09-22,P006,产线3,306,293,0.0
2025-09-23,P001,产线1,31,31,0.0
2025-09-23,P002,产线1,36,29,2.46
2025-09-23,P003,产线2,38,37,0.0
2025-09-23,P004,产线2,27,26,0.0
2025-09-23,P005,产线3,79,76,0.0
2025-09-23,P006,产线3,314,295,0.0
2025-09-24,P001,产线1,29,28,0.0
2025-09-24,P002,产线1,37,33,1.2
2025-09-24,P003,产线2,39,37,0.0
2025-09-24,P004,产线2,27,27,0.0
2025-09-24,P005,产线3,81,76,0.0
2025-09-24,P006,产线3,288,269,0.0
2025-09-25,P001,产线1,30,29,0.0
2025-09-25,P002,产线1,36,36,0.0
2025-09-25,P003,产线2,38,37,0.0
2025-09-25,P004,产线2,28,26,0.0
2025-09-25,P005,产线3,81,77,0.0
2025-09-25,P006,产线3,305,301,0.0
2025-09-26,P001,产线1,29,27,0.0
2025-09-26,P002,产线1,36,35,0.0
2025-09-26,P003,产线2,38,38,0.0
2025-09-26,P004,产线2,27,21,2.12
2025-09-26,P005,产线3,78,76,0.0
2025-09-26,P006,产线3,285,284,0.0
2025-09-27,P001,产线1,30,29,0.0
2025-09-27,P002,产线1,34,33,0.0
2025-09-27,P003,产线2,41,39,0.0
2025-09-27,P004,产线2,28,27,0.0
2025-09-27,P005,产线3,78,73,0.0
2025-09-27,P006,产线3,287,255,1.02
2025-09-28,P001,产线1,30,29,0.0
2025-09-28,P002,产线1,35,33,0.0
2025-09-28,P003,产线2,40,36,2.13
2025-09-28,P004,产线2,28,27,0.0
2025-09-28,P005,产线3,84,81,0.0
2025-09-28,P006,产线3,304,293,0.0
2025-09-29,P001,产线1,30,30,0.0
2025-09-29,P002,产线1,36,35,0.0
2025-09-29,P003,产线2,38,36,0.0
2025-09-29,P004,产线2,29,28,0.0
2025-09-29,P005,产线3,78,74,0.0
2025-09-29,P006,产线3,309,291,0.0
2025-09-30,P001,产线1,31,29,0.0
2025-09-30,P002,产线1,36,34,0.0
2025-09-30,P003,产线2,40,40,0.0
2025-09-30,P004,产线2,28,27,0.0
2025-09-30,P005,产线3,79,79,0.0
2025-09-30,P006,产线3,304,302,0.0
2025-10-01,P001,产线1,31,31,0.0
2025-10-01,P002,产线1,33,33,0.0
2025-10-01,P003,产线2,40,37,0.0
2025-10-01,P004,产线2,29,28,0.0
2025-10-01,P005,产线3,83,80,0.0
2025-10-01,P006,产线3,299,271,0.7
2025-10-02,P001,产线1,29,28,0.0
2025-10-02,P002,产线1,36,36,0.0
2025-10-02,P003,产线2,42,42,0.0
2025-10-02,P004,产线2,27,27,0.0
2025-10-02,P005,产线3,83,81,0.0
2025-10-02,P006,产线3,312,246,2.85
2025-10-03,P001,产线1,29,28,0.0
2025-10-03,P002,产线1,36,34,0.0
2025-10-03,P003,产线2,40,39,0.0
2025-10-03,P004,产线2,28,27,0.0
2025-10-03,P005,产线3,81,73,1.35
2025-10-03,P006,产线3,307,292,0.0
2025-10-04,P001,产线1,31,30,0.0
2025-10-04,P002,产线1,35,34,0.0
2025-10-04,P003,产线2,40,39,0.0
2025-10-04,P004,产线2,27,26,0.0
2025-10-04,P005,产线3,82,69,2.16
2025-10-04,P006,产线3,304,290,0.0
2025-10-05,P001,产线1,29,28,0.0
2025-10-05,P002,产线1,34,34,0.0
2025-10-05,P003,产线2,42,39,0.0
2025-10-05,P004,产线2,27,27,0.0
2025-10-05,P005,产线3,82,80,0.0
2025-10-05,P006,产线3,292,278,0.0
2025-10-06,P001,产线1,30,29,0.0
2025-10-06,P002,产线1,36,34,0.0
2025-10-06,P003,产线2,39,37,0.0
2025-10-06,P004,产线2,28,27,0.0
2025-10-06,P005,产线3,83,80,0.0
2025-10-06,P006,产线3,303,298,0.0
2025-10-07,P001,产线1,29,27,0.0
2025-10-07,P002,产线1,34,33,0.0
2025-10-07,P003,产线2,41,39,0.0
2025-10-07,P004,产线2,28,28,0.0
2025-10-07,P005,产线3,77,68,0.8
2025-10-07,P006,产线3,306,295,0.0
2025-10-08,P001,产线1,31,30,0.0
2025-10-08,P002,产线1,34,34,0.0
2025-10-08,P003,产线2,41,40,0.0
2025-10-08,P004,产线2,27,27,0.0
2025-10-08,P005,产线3,84,81,0.0
2025-10-08,P006,产线3,286,277,0.0
2025-10-09,P001,产线1,31,30,0.0
2025-10-09,P002,产线1,35,33,0.0
2025-10-09,P003,产线2,41,40,0.0
2025-10-09,P004,产线2,27,26,0.0
2025-10-09,P005,产线3,80,77,0.0
2025-10-09,P006,产线3,285,277,0.0
2025-10-10,P001,产线1,30,27,0.93
2025-10-10,P002,产线1,37,37,0.0
2025-10-10,P003,产线2,40,38,0.0
2025-10-10,P004,产线2,27,25,0.0
2025-10-10,P005,产线3,81,64,2.62
2025-10-10,P006,产线3,290,279,0.0
2025-10-11,P001,产线1,30,27,1.66
2025-10-11,P002,产线1,34,26,3.38
2025-10-11,P003,产线2,38,38,0.0
2025-10-11,P004,产线2,28,27,0.0
2025-10-11,P005,产线3,83,79,0.0
2025-10-11,P006,产线3,300,295,0.0
2025-10-12,P001,产线1,29,28,0.0
2025-10-12,P002,产线1,33,31,0.0
2025-10-12,P003,产线2,39,37,0.0
2025-10-12,P004,产线2,29,27,0.0
2025-10-12,P005,产线3,78,75,0.0
2025-10-12,P006,产线3,293,284,0.0
2025-10-13,P001,产线1,30,30,0.0
2025-10-13,P002,产线1,33,32,0.0
2025-10-13,P003,产线2,38,36,0.0
2025-10-13,P004,产线2,28,27,0.0
2025-10-13,P005,产线3,77,73,0.0
2025-10-13,P006,产线3,305,298,0.0
2025-10-14,P001,产线1,30,29,0.0
2025-10-14,P002,产线1,34,32,0.0
2025-10-14,P003,产线2,39,37,0.0
2025-10-14,P004,产线2,29,28,0.0
2025-10-14,P005,产线3,78,74,0.0
2025-10-14,P006,产线3,286,218,2.71
2025-10-15,P001,产线1,30,29,0.0
2025-10-15,P002,产线1,35,34,0.0
2025-10-15,P003,产线2,39,37,0.0
2025-10-15,P004,产线2,27,25,0.0
2025-10-15,P005,产线3,82,77,0.0
2025-10-15,P006,产线3,298,294,0.0
2025-10-16,P001,产线1,29,29,0.0
2025-10-16,P002,产线1,37,37,0.0
2025-10-16,P003,产线2,42,42,0.0
2025-10-16,P004,产线2,28,22,2.29
2025-10-16,P005,产线3,81,76,0.0
2025-10-16,P006,产线3,291,248,2.16
2025-10-17,P001,产线1,31,30,0.0
2025-10-17,P002,产线1,35,34,0.0
2025-10-17,P003,产线2,39,38,0.0
2025-10-17,P004,产线2,27,22,1.98
2025-10-17,P005,产线3,79,65,1.82
2025-10-17,P006,产线3,311,308,0.0
2025-10-18,P001,产线1,29,29,0.0
2025-10-18,P002,产线1,33,32,0.0
2025-10-18,P003,产线2,39,36,0.0
2025-10-18,P004,产线2,27,26,0.0
2025-10-18,P005,产线3,77,75,0.0
2025-10-18,P006,产线3,291,213,3.4
2025-10-19,P001,产线1,31,29,0.0
2025-10-19,P002,产线1,35,34,0.0
2025-10-19,P003,产线2,40,37,0.0
2025-10-19,P004,产线2,28,28,0.0
2025-10-19,P005,产线3,77,74,0.0
2025-10-19,P006,产线3,307,286,0.0
2025-10-20,P001,产线1,30,30,0.0
2025-10-20,P002,产线1,34,33,0.0
2025-10-20,P003,产线2,40,38,0.0
2025-10-20,P004,产线2,29,27,0.79
2025-10-20,P005,产线3,82,81,0.0
2025-10-20,P006,产线3,288,276,0.0
2025-10-21,P001,产线1,29,29,0.0
2025-10-21,P002,产线1,36,35,0.0
2025-10-21,P003,产线2,39,37,0.0
2025-10-21,P004,产线2,29,28,0.0
2025-10-21,P005,产线3,82,79,0.0
2025-10-21,P006,产线3,303,287,0.0
2025-10-22,P001,产线1,29,27,0.0
2025-10-22,P002,产线1,33,33,0.0
2025-10-22,P003,产线2,39,37,0.0
2025-10-22,P004,产线2,28,27,0.0
2025-10-22,P005,产线3,77,75,0.0
2025-10-22,P006,产线3,303,242,3.04
2025-10-23,P001,产线1,29,28,0.0
2025-10-23,P002,产线1,34,33,0.0
2025-10-23,P003,产线2,39,37,0.0
2025-10-23,P004,产线2,28,27,0.0
2025-10-23,P005,产线3,78,54,3.91
2025-10-23,P006,产线3,310,296,0.0
2025-10-24,P001,产线1,29,28,0.0
2025-10-24,P002,产线1,36,35,0.0
2025-10-24,P003,产线2,39,38,0.0
2025-10-24,P004,产线2,28,27,0.0
2025-10-24,P005,产线3,78,76,0.0
2025-10-24,P006,产线3,304,302,0.0
2025-10-25,P001,产线1,30,29,0.0
2025-10-25,P002,产线1,33,31,0.0
2025-10-25,P003,产线2,42,42,0.0
2025-10-25,P004,产线2,29,28,0.0
2025-10-25,P005,产线3,79,76,0.0
2025-10-25,P006,产线3,310,289,0.0
2025-10-26,P001,产线1,31,29,0.0
2025-10-26,P002,产线1,36,32,1.74
2025-10-26,P003,产线2,41,39,0.0
2025-10-26,P004,产线2,28,28,0.0
2025-10-26,P005,产线3,78,77,0.0
2025-10-26,P006,产线3,303,289,0.0
2025-10-27,P001,产线1,30,28,0.0
2025-10-27,P002,产线1,34,33,0.0
2025-10-27,P003,产线2,41,37,1.81
2025-10-27,P004,产线2,28,21,2.99
2025-10-27,P005,产线3,80,78,0.0
2025-10-27,P006,产线3,286,279,0.0
2025-10-28,P001,产线1,30,28,0.0
2025-10-28,P002,产线1,34,32,0.0
2025-10-28,P003,产线2,40,39,0.0
2025-10-28,P004,产线2,29,25,1.01
2025-10-28,P005,产线3,79,73,0.81
2025-10-28,P006,产线3,299,291,0.0
2025-10-29,P001,产线1,31,30,0.0
2025-10-29,P002,产线1,35,34,0.0
2025-10-29,P003,产线2,40,38,0.0
2025-10-29,P004,产线2,28,27,0.0
2025-10-29,P005,产线3,80,78,0.0
2025-10-29,P006,产线3,311,296,0.0
2025-10-30,P001,产线1,30,29,0.0
2025-10-30,P002,产线1,35,31,2.04
2025-10-30,P003,产线2,39,39,0.0
2025-10-30,P004,产线2,28,27,0.0
2025-10-30,P005,产线3,77,76,0.0
2025-10-30,P006,产线3,314,298,0.0
2025-10-31,P001,产线1,30,28,0.0
2025-10-31,P002,产线1,34,33,0.0
2025-10-31,P003,产线2,39,38,0.0
2025-10-31,P004,产线2,28,27,0.0
2025-10-31,P005,产线3,83,78,0.0
2025-10-31,P006,产线3,305,285,0.0
2025-11-01,P001,产线1,30,29,0.0
2025-11-01,P002,产线1,35,35,0.0
2025-11-01,P003,产线2,42,39,0.0
2025-11-01,P004,产线2,28,27,0.0
2025-11-01,P005,产线3,77,72,0.0
2025-11-01,P006,产线3,303,302,0.0
2025-11-02,P001,产线1,31,31,0.0
2025-11-02,P002,产线1,34,33,0.0
2025-11-02,P003,产线2,40,37,0.0
2025-11-02,P004,产线2,29,27,0.0
2025-11-02,P005,产线3,78,76,0.0
2025-11-02,P006,产线3,294,204,3.7
2025-11-03,P001,产线1,30,30,0.0
2025-11-03,P002,产线1,36,35,0.0
2025-11-03,P003,产线2,42,40,0.0
2025-11-03,P004,产线2,27,24,1.13
2025-11-03,P005,产线3,78,73,0.0
2025-11-03,P006,产线3,286,272,0.0
2025-11-04,P001,产线1,30,28,0.0
2025-11-04,P002,产线1,35,34,0.0
2025-11-04,P003,产线2,39,38,0.0
2025-11-04,P004,产线2,27,24,1.7
2025-11-04,P005,产线3,81,81,0.0
2025-11-04,P006,产线3,287,277,0.0
2025-11-05,P001,产线1,31,31,0.0
2025-11-05,P002,产线1,35,34,0.0
2025-11-05,P003,产线2,41,40,0.0
2025-11-05,P004,产线2,27,26,0.0
2025-11-05,P005,产线3,82,82,0.0
2025-11-05,P006,产线3,304,287,0.0
2025-11-06,P001,产线1,29,29,0.0
2025-11-06,P002,产线1,34,33,0.0
2025-11-06,P003,产线2,39,39,0.0
2025-11-06,P004,产线2,27,27,0.0
2025-11-06,P005,产线3,84,82,0.0
2025-11-06,P006,产线3,290,199,3.74
2025-11-07,P001,产线1,30,29,0.0
2025-11-07,P002,产线1,35,35,0.0
2025-11-07,P003,产线2,42,40,0.0
2025-11-07,P004,产线2,28,27,0.0
2025-11-07,P005,产线3,83,79,0.0
2025-11-07,P006,产线3,304,302,0.0
2025-11-08,P001,产线1,29,28,0.0
2025-11-08,P002,产线1,36,34,0.0
2025-11-08,P003,产线2,40,39,0.0
2025-11-08,P004,产线2,29,27,0.0
2025-11-08,P005,产线3,79,76,0.0
2025-11-08,P006,产线3,305,301,0.0
2025-11-09,P001,产线1,29,28,0.0
2025-11-09,P002,产线1,35,33,0.0
2025-11-09,P003,产线2,39,37,0.0
2025-11-09,P004,产线2,29,28,0.0
2025-11-09,P005,产线3,77,73,0.0
2025-11-09,P006,产线3,297,286,0.0
2025-11-10,P001,产线1,31,29,0.0
2025-11-10,P002,产线1,34,32,0.0
2025-11-10,P003,产线2,40,37,0.0
2025-11-10,P004,产线2,29,27,0.0
2025-11-10,P005,产线3,77,75,0.0
2025-11-10,P006,产线3,290,270,0.0
2025-11-11,P001,产线1,29,28,0.0
2025-11-11,P002,产线1,34,32,0.0
2025-11-11,P003,产线2,39,36,0.0
2025-11-11,P004,产线2,29,28,0.0
2025-11-11,P005,产线3,76,75,0.0
2025-11-11,P006,产线3,288,274,0.0
2025-11-12,P001,产线1,29,28,0.0
2025-11-12,P002,产线1,36,35,0.0
2025-11-12,P003,产线2,39,38,0.0
2025-11-12,P004,产线2,27,26,0.0
2025-11-12,P005,产线3,83,81,0.0
2025-11-12,P006,产线3,295,295,0.0
2025-11-13,P001,产线1,30,30,0.0
2025-11-13,P002,产线1,36,35,0.0
2025-11-13,P003,产线2,41,40,0.0
2025-11-13,P004,产线2,28,27,0.0
2025-11-13,P005,产线3,82,78,0.0
2025-11-13,P006,产线3,289,283,0.0
2025-11-14,P001,产线1,31,30,0.0
2025-11-14,P002,产线1,36,34,0.0
2025-11-14,P003,产线2,41,41,0.0
2025-11-14,P004,产线2,28,27,0.0
2025-11-14,P005,产线3,84,82,0.0
2025-11-14,P006,产线3,305,296,0.0
2025-11-15,P001,产线1,29,27,0.0
2025-11-15,P002,产线1,36,36,0.0
2025-11-15,P003,产线2,39,34,1.77
2025-11-15,P004,产线2,27,26,0.0
2025-11-15,P005,产线3,82,77,0.0
2025-11-15,P006,产线3,307,286,0.0
2025-11-16,P001,产线1,30,28,0.0
2025-11-16,P002,产线1,35,35,0.0
2025-11-16,P003,产线2,40,38,0.0
2025-11-16,P004,产线2,29,27,0.0
2025-11-16,P005,产线3,77,72,0.0
2025-11-16,P006,产线3,291,277,0.0
2025-11-17,P001,产线1,29,28,0.0
2025-11-17,P002,产线1,34,33,0.0
2025-11-17,P003,产线2,39,38,0.0
2025-11-17,P004,产线2,27,27,0.0
2025-11-17,P005,产线3,82,78,0.0
2025-11-17,P006,产线3,295,232,2.47
2025-11-18,P001,产线1,31,30,0.0
2025-11-18,P002,产线1,34,33,0.0
2025-11-18,P003,产线2,42,39,0.0
2025-11-18,P004,产线2,27,25,0.0
2025-11-18,P005,产线3,83,79,0.0
2025-11-18,P006,产线3,302,299,0.0
2025-11-19,P001,产线1,30,30,0.0
2025-11-19,P002,产线1,36,34,0.0
2025-11-19,P003,产线2,41,39,0.0
2025-11-19,P004,产线2,27,26,0.0
2025-11-19,P005,产线3,81,78,0.0
2025-11-19,P006,产线3,306,293,0.0
2025-11-20,P001,产线1,30,29,0.0
2025-11-20,P002,产线1,34,32,0.0
2025-11-20,P003,产线2,39,38,0.0
2025-11-20,P004,产线2,29,29,0.0
2025-11-20,P005,产线3,77,74,0.0
2025-11-20,P006,产线3,297,283,0.0
2025-11-21,P001,产线1,29,28,0.0
2025-11-21,P002,产线1,36,34,0.0
2025-11-21,P003,产线2,41,40,0.0
2025-11-21,P004,产线2,27,22,1.56
2025-11-21,P005,产线3,82,78,0.0
2025-11-21,P006,产线3,302,276,0.91
2025-11-22,P001,产线1,29,28,0.0
2025-11-22,P002,产线1,35,34,0.0
2025-11-22,P003,产线2,42,39,0.0
2025-11-22,P004,产线2,28,27,0.0
2025-11-22,P005,产线3,78,74,0.0
2025-11-22,P006,产线3,311,299,0.0
2025-11-23,P001,产线1,31,29,0.0
2025-11-23,P002,产线1,33,31,1.04
2025-11-23,P003,产线2,39,37,0.0
2025-11-23,P004,产线2,28,28,0.0
2025-11-23,P005,产线3,77,72,0.0
2025-11-23,P006,产线3,290,287,0.0
2025-11-24,P001,产线1,29,27,0.0
2025-11-24,P002,产线1,36,35,0.0
2025-11-24,P003,产线2,42,41,0.0
2025-11-24,P004,产线2,28,28,0.0
2025-11-24,P005,产线3,81,76,0.0
2025-11-24,P006,产线3,307,291,0.0
2025-11-25,P001,产线1,30,30,0.0
2025-11-25,P002,产线1,36,35,0.0
2025-11-25,P003,产线2,40,37,0.0
2025-11-25,P004,产线2,28,27,0.0
2025-11-25,P005,产线3,79,60,2.97
2025-11-25,P006,产线3,314,306,0.0
2025-11-26,P001,产线1,31,24,2.86
2025-11-26,P002,产线1,35,33,0.0
2025-11-26,P003,产线2,41,39,0.0
2025-11-26,P004,产线2,27,27,0.0
2025-11-26,P005,产线3,78,73,0.0
2025-11-26,P006,产线3,295,276,0.0
2025-11-27,P001,产线1,31,30,0.0
2025-11-27,P002,产线1,36,35,0.0
2025-11-27,P003,产线2,39,33,1.98
2025-11-27,P004,产线2,27,25,0.0
2025-11-27,P005,产线3,83,79,0.0
2025-11-27,P006,产线3,288,276,0.0
2025-11-28,P001,产线1,31,29,0.0
2025-11-28,P002,产线1,33,31,0.0
2025-11-28,P003,产线2,40,38,0.0
2025-11-28,P004,产线2,29,28,0.0
2025-11-28,P005,产线3,82,77,0.0
2025-11-28,P006,产线3,304,285,0.0
2025-11-29,P001,产线1,29,28,0.0
2025-11-29,P002,产线1,36,35,0.0
2025-11-29,P003,产线2,40,38,0.0
2025-11-29,P004,产线2,29,29,0.0
2025-11-29,P005,产线3,80,74,0.0
2025-11-29,P006,产线3,301,277,1.17
2025-11-30,P001,产线1,31,29,0.0
2025-11-30,P002,产线1,35,34,0.0
2025-11-30,P003,产线2,38,35,1.69
2025-11-30,P004,产线2,28,27,0.0
2025-11-30,P005,产线3,80,78,0.0
2025-11-30,P006,产线3,288,278,0.0
2025-12-01,P001,产线1,31,29,0.0
2025-12-01,P002,产线1,34,32,0.0
2025-12-01,P003,产线2,39,37,0.0
2025-12-01,P004,产线2,29,28,0.0
2025-12-01,P005,产线3,78,76,0.0
2025-12-01,P006,产线3,307,298,0.0
2025-12-02,P001,产线1,30,28,0.0
2025-12-02,P002,产线1,33,32,0.0
2025-12-02,P003,产线2,38,36,0.0
2025-12-02,P004,产线2,28,27,0.0
2025-12-02,P005,产线3,77,76,0.0
2025-12-02,P006,产线3,309,259,1.84
2025-12-03,P001,产线1,31,30,0.0
2025-12-03,P002,产线1,34,32,0.0
2025-12-03,P003,产线2,40,33,2.5
2025-12-03,P004,产线2,27,26,0.0
2025-12-03,P005,产线3,77,77,0.0
2025-12-03,P006,产线3,290,281,0.0
2025-12-04,P001,产线1,29,29,0.0
2025-12-04,P002,产线1,34,33,0.0
2025-12-04,P003,产线2,40,37,0.0
2025-12-04,P004,产线2,29,28,0.0
2025-12-04,P005,产线3,76,73,0.0
2025-12-04,P006,产线3,304,300,0.0
2025-12-05,P001,产线1,31,29,0.0
2025-12-05,P002,产线1,34,33,0.0
2025-12-05,P003,产线2,40,40,0.0
2025-12-05,P004,产线2,28,27,0.0
2025-12-05,P005,产线3,81,80,0.0
2025-12-05,P006,产线3,310,306,0.0
2025-12-06,P001,产线1,30,28,0.0
2025-12-06,P002,产线1,35,33,0.0
2025-12-06,P003,产线2,39,38,0.0
2025-12-06,P004,产线2,28,27,0.0
2025-12-06,P005,产线3,77,75,0.0
2025-12-06,P006,产线3,293,279,0.0
2025-12-07,P001,产线1,29,28,0.0
2025-12-07,P002,产线1,36,34,0.0
2025-12-07,P003,产线2,40,37,0.0
2025-12-07,P004,产线2,28,27,0.0
2025-12-07,P005,产线3,79,76,0.0
2025-12-07,P006,产线3,285,275,0.0
2025-12-08,P001,产线1,29,27,0.0
2025-12-08,P002,产线1,36,34,0.0
2025-12-08,P003,产线2,40,39,0.0
2025-12-08,P004,产线2,28,27,0.0
2025-12-08,P005,产线3,84,80,0.0
2025-12-08,P006,产线3,300,280,0.0
2025-12-09,P001,产线1,31,30,0.0
2025-12-09,P002,产线1,35,34,0.0
2025-12-09,P003,产线2,40,39,0.0
2025-12-09,P004,产线2,29,28,0.0
2025-12-09,P005,产线3,79,75,0.0
2025-12-09,P006,产线3,287,217,2.8
2025-12-10,P001,产线1,30,29,0.0
2025-12-10,P002,产线1,36,35,0.0
2025-12-10,P003,产线2,41,38,0.0
2025-12-10,P004,产线2,28,27,0.0
2025-12-10,P005,产线3,76,74,0.0
2025-12-10,P006,产线3,314,306,0.0
2025-12-11,P001,产线1,29,29,0.0
2025-12-11,P002,产线1,34,32,0.0
2025-12-11,P003,产线2,38,37,0.0
2025-12-11,P004,产线2,28,28,0.0
2025-12-11,P005,产线3,80,77,0.0
2025-12-11,P006,产线3,296,277,0.0
2025-12-12,P001,产线1,30,28,0.0
2025-12-12,P002,产线1,34,33,0.0
2025-12-12,P003,产线2,41,40,0.0
2025-12-12,P004,产线2,28,26,0.0
2025-12-12,P005,产线3,84,81,0.0
2025-12-12,P006,产线3,296,285,0.0
2025-12-13,P001,产线1,31,30,0.0
2025-12-13,P002,产线1,36,35,0.0
2025-12-13,P003,产线2,39,36,0.0
2025-12-13,P004,产线2,27,27,0.0
2025-12-13,P005,产线3,77,75,0.0
2025-12-13,P006,产线3,288,273,0.0
2025-12-14,P001,产线1,30,28,0.0
2025-12-14,P002,产线1,35,34,0.0
2025-12-14,P003,产线2,41,38,0.0
2025-12-14,P004,产线2,29,28,0.0
2025-12-14,P005,产线3,83,70,2.13
2025-12-14,P006,产线3,293,278,0.0
2025-12-15,P001,产线1,29,27,0.0
2025-12-15,P002,产线1,36,34,0.0
2025-12-15,P003,产线2,40,40,0.0
2025-12-15,P004,产线2,29,27,0.0
2025-12-15,P005,产线3,82,79,0.0
2025-12-15,P006,产线3,297,288,0.0
2025-12-16,P001,产线1,30,29,0.0
2025-12-16,P002,产线1,37,28,3.91
2025-12-16,P003,产线2,39,36,0.0
2025-12-16,P004,产线2,27,26,0.0
2025-12-16,P005,产线3,77,58,3.68
2025-12-16,P006,产线3,312,310,0.0
2025-12-17,P001,产线1,29,28,0.0
2025-12-17,P002,产线1,36,34,0.0
2025-12-17,P003,产线2,42,40,0.0
2025-12-17,P004,产线2,28,26,0.0
2025-12-17,P005,产线3,80,77,0.0
2025-12-17,P006,产线3,305,286,0.0
2025-12-18,P001,产线1,29,29,0.0
2025-12-18,P002,产线1,35,33,0.0
2025-12-18,P003,产线2,41,40,0.0
2025-12-18,P004,产线2,27,26,0.0
2025-12-18,P005,产线3,80,78,0.0
2025-12-18,P006,产线3,299,286,0.0
2025-12-19,P001,产线1,31,30,0.0
2025-12-19,P002,产线1,35,34,0.0
2025-12-19,P003,产线2,41,32,3.44
2025-12-19,P004,产线2,28,26,0.0
2025-12-19,P005,产线3,83,81,0.0
2025-12-19,P006,产线3,288,270,0.0
2025-12-20,P001,产线1,31,31,0.0
2025-12-20,P002,产线1,34,34,0.0
2025-12-20,P003,产线2,40,38,0.0
2025-12-20,P004,产线2,28,27,0.0
2025-12-20,P005,产线3,79,79,0.0
2025-12-20,P006,产线3,312,293,0.0
2025-12-21,P001,产线1,31,31,0.0
2025-12-21,P002,产线1,34,33,0.0
2025-12-21,P003,产线2,41,40,0.0
2025-12-21,P004,产线2,29,27,0.0
2025-12-21,P005,产线3,79,77,0.0
2025-12-21,P006,产线3,306,286,0.0
2025-12-22,P001,产线1,30,28,0.0
2025-12-22,P002,产线1,37,36,0.0
2025-12-22,P003,产线2,41,40,0.0
2025-12-22,P004,产线2,29,27,0.0
2025-12-22,P005,产线3,80,79,0.0
2025-12-22,P006,产线3,311,298,0.0
2025-12-23,P001,产线1,31,30,0.0
2025-12-23,P002,产线1,37,28,3.56
2025-12-23,P003,产线2,41,39,0.0
2025-12-23,P004,产线2,29,29,0.0
2025-12-23,P005,产线3,84,79,0.0
2025-12-23,P006,产线3,293,289,0.0
2025-12-24,P001,产线1,30,30,0.0
2025-12-24,P002,产线1,35,35,0.0
2025-12-24,P003,产线2,41,37,1.28
2025-12-24,P004,产线2,28,28,0.0
2025-12-24,P005,产线3,78,73,0.0
2025-12-24,P006,产线3,285,282,0.0
2025-12-25,P001,产线1,31,30,0.0
2025-12-25,P002,产线1,35,34,0.0
2025-12-25,P003,产线2,40,39,0.0
2025-12-25,P004,产线2,29,28,0.0
2025-12-25,P005,产线3,81,81,0.0
2025-12-25,P006,产线3,290,280,0.0
2025-12-26,P001,产线1,31,29,0.0
2025-12-26,P002,产线1,36,36,0.0
2025-12-26,P003,产线2,40,40,0.0
2025-12-26,P004,产线2,29,28,0.0
2025-12-26,P005,产线3,77,72,0.0
2025-12-26,P006,产线3,299,286,0.0
2025-12-27,P001,产线1,29,28,0.0
2025-12-27,P002,产线1,34,32,0.0
2025-12-27,P003,产线2,39,37,0.0
2025-12-27,P004,产线2,27,27,0.0
2025-12-27,P005,产线3,83,80,0.0
2025-12-27,P006,产线3,312,300,0.0
2025-12-28,P001,产线1,31,30,0.0
2025-12-28,P002,产线1,34,33,0.0
2025-12-28,P003,产线2,40,39,0.0
2025-12-28,P004,产线2,29,28,0.0
2025-12-28,P005,产线3,77,74,0.0
2025-12-28,P006,产线3,303,296,0.0
2025-12-29,P001,产线1,31,30,0.0
2025-12-29,P002,产线1,34,34,0.0
2025-12-29,P003,产线2,42,42,0.0
2025-12-29,P004,产线2,28,27,0.0
2025-12-29,P005,产线3,80,78,0.0
2025-12-29,P006,产线3,315,299,0.0
2025-12-30,P001,产线1,29,27,0.0
2025-12-30,P002,产线1,34,33,0.0
2025-12-30,P003,产线2,41,37,1.72
2025-12-30,P004,产线2,28,27,0.0
2025-12-30,P005,产线3,83,80,0.0
2025-12-30,P006,产线3,298,280,0.0
2025-12-31,P001,产线1,31,31,0.0
2025-12-31,P002,产线1,33,31,0.0
2025-12-31,P003,产线2,39,38,0.0
2025-12-31,P004,产线2,29,27,0.0
2025-12-31,P005,产线3,82,68,2.47
2025-12-31,P006,产线3,296,277,0.0
2026-01-01,P001,产线1,31,31,0.0
2026-01-01,P002,产线1,33,32,0.0
2026-01-01,P003,产线2,41,40,0.0
2026-01-01,P004,产线2,29,29,0.0
2026-01-01,P005,产线3,84,83,0.0
2026-01-01,P006,产线3,301,299,0.0
2026-01-02,P001,产线1,30,30,0.0
2026-01-02,P002,产线1,36,35,0.0
2026-01-02,P003,产线2,41,40,0.0
2026-01-02,P004,产线2,28,27,0.0
2026-01-02,P005,产线3,79,76,0.0
2026-01-02,P006,产线3,315,299,0.0
2026-01-03,P001,产线1,29,29,0.0
2026-01-03,P002,产线1,36,34,0.0
2026-01-03,P003,产线2,40,38,0.0
2026-01-03,P004,产线2,28,27,0.0
2026-01-03,P005,产线3,78,74,0.0
2026-01-03,P006,产线3,306,285,0.0
2026-01-04,P001,产线1,29,23,2.29
2026-01-04,P002,产线1,35,25,3.94
2026-01-04,P003,产线2,40,39,0.0
2026-01-04,P004,产线2,29,27,0.0
2026-01-04,P005,产线3,82,82,0.0
2026-01-04,P006,产线3,295,286,0.0
2026-01-05,P001,产线1,30,30,0.0
2026-01-05,P002,产线1,35,33,0.0
2026-01-05,P003,产线2,42,40,0.0
2026-01-05,P004,产线2,28,28,0.0
2026-01-05,P005,产线3,83,79,0.0
2026-01-05,P006,产线3,302,289,0.0
2026-01-06,P001,产线1,29,29,0.0
2026-01-06,P002,产线1,36,34,0.0
2026-01-06,P003,产线2,40,40,0.0
2026-01-06,P004,产线2,29,25,0.82
2026-01-06,P005,产线3,78,73,0.0
2026-01-06,P006,产线3,306,303,0.0
2026-01-07,P001,产线1,29,28,0.0
2026-01-07,P002,产线1,36,34,0.0
2026-01-07,P003,产线2,38,37,0.0
2026-01-07,P004,产线2,28,26,0.0
2026-01-07,P005,产线3,83,80,0.0
2026-01-07,P006,产线3,293,284,0.0
2026-01-08,P001,产线1,31,29,0.0
2026-01-08,P002,产线1,35,33,0.0
2026-01-08,P003,产线2,38,35,0.0
2026-01-08,P004,产线2,28,27,0.0
2026-01-08,P005,产线3,80,76,0.0
2026-01-08,P006,产线3,297,276,0.0
2026-01-09,P001,产线1,29,27,0.0
2026-01-09,P002,产线1,33,31,0.0
2026-01-09,P003,产线2,42,40,0.0
2026-01-09,P004,产线2,28,27,0.0
2026-01-09,P005,产线3,77,77,0.0
2026-01-09,P006,产线3,287,285,0.0
2026-01-10,P001,产线1,30,30,0.0
2026-01-10,P002,产线1,35,34,0.0
2026-01-10,P003,产线2,39,37,0.0
2026-01-10,P004,产线2,27,20,2.41
2026-01-10,P005,产线3,84,81,0.0
2026-01-10,P006,产线3,289,274,0.0
2026-01-11,P001,产线1,31,30,0.0
2026-01-11,P002,产线1,34,33,0.0
2026-01-11,P003,产线2,39,38,0.0
2026-01-11,P004,产线2,29,28,0.0
2026-01-11,P005,产线3,83,81,0.0
2026-01-11,P006,产线3,289,279,0.0
2026-01-12,P001,产线1,30,29,0.0
2026-01-12,P002,产线1,34,32,0.0
2026-01-12,P003,产线2,41,39,0.0
2026-01-12,P004,产线2,27,26,0.0
2026-01-12,P005,产线3,82,78,0.0
2026-01-12,P006,产线3,308,302,0.0
2026-01-13,P001,产线1,31,30,0.0
2026-01-13,P002,产线1,36,35,0.0
2026-01-13,P003,产线2,40,38,0.0
2026-01-13,P004,产线2,28,27,0.0
2026-01-13,P005,产线3,79,79,0.0
2026-01-13,P006,产线3,297,283,0.0
2026-01-14,P001,产线1,29,29,0.0
2026-01-14,P002,产线1,35,33,0.0
2026-01-14,P003,产线2,41,40,0.0
2026-01-14,P004,产线2,28,22,2.31
2026-01-14,P005,产线3,82,79,0.0
2026-01-14,P006,产线3,298,289,0.0
2026-01-15,P001,产线1,31,29,0.0
2026-01-15,P002,产线1,35,35,0.0
2026-01-15,P003,产线2,42,40,0.0
2026-01-15,P004,产线2,29,28,0.0
2026-01-15,P005,产线3,81,76,0.94
2026-01-15,P006,产线3,311,304,0.0
2026-01-16,P001,产线1,29,29,0.0
2026-01-16,P002,产线1,36,36,0.0
2026-01-16,P003,产线2,40,34,1.91
2026-01-16,P004,产线2,29,28,0.0
2026-01-16,P005,产线3,79,75,0.0
2026-01-16,P006,产线3,312,305,0.0
2026-01-17,P001,产线1,30,29,0.0
2026-01-17,P002,产线1,36,34,0.0
2026-01-17,P003,产线2,39,31,3.73
2026-01-17,P004,产线2,27,26,0.0
2026-01-17,P005,产线3,77,77,0.0
2026-01-17,P006,产线3,306,296,0.0
2026-01-18,P001,产线1,30,28,0.0
2026-01-18,P002,产线1,37,35,0.0
2026-01-18,P003,产线2,41,40,0.0
2026-01-18,P004,产线2,29,27,0.65
2026-01-18,P005,产线3,78,73,0.0
2026-01-18,P006,产线3,288,259,1.4
2026-01-19,P001,产线1,31,30,0.0
2026-01-19,P002,产线1,35,33,0.0
2026-01-19,P003,产线2,42,40,0.0
2026-01-19,P004,产线2,27,27,0.0
2026-01-19,P005,产线3,78,74,0.0
2026-01-19,P006,产线3,298,295,0.0
2026-01-20,P001,产线1,31,31,0.0
2026-01-20,P002,产线1,34,24,3.82
2026-01-20,P003,产线2,40,39,0.0
2026-01-20,P004,产线2,28,26,0.0
2026-01-20,P005,产线3,81,79,0.0
2026-01-20,P006,产线3,307,307,0.0
2026-01-21,P001,产线1,30,30,0.0
2026-01-21,P002,产线1,35,34,0.0
2026-01-21,P003,产线2,42,37,1.0
2026-01-21,P004,产线2,29,27,0.0
2026-01-21,P005,产线3,80,75,0.0
2026-01-21,P006,产线3,301,288,0.0
2026-01-22,P001,产线1,31,24,2.94
2026-01-22,P002,产线1,36,34,0.0
2026-01-22,P003,产线2,40,32,2.92
2026-01-22,P004,产线2,29,29,0.0
2026-01-22,P005,产线3,78,64,2.09
2026-01-22,P006,产线3,296,284,0.0
2026-01-23,P001,产线1,31,31,0.0
2026-01-23,P002,产线1,35,35,0.0
2026-01-23,P003,产线2,39,37,0.0
2026-01-23,P004,产线2,29,28,0.0
2026-01-23,P005,产线3,79,78,0.0
2026-01-23,P006,产线3,288,269,0.94
2026-01-24,P001,产线1,30,29,0.0
2026-01-24,P002,产线1,34,34,0.0
2026-01-24,P003,产线2,38,36,0.0
2026-01-24,P004,产线2,29,28,0.0
2026-01-24,P005,产线3,81,78,0.0
2026-01-24,P006,产线3,305,303,0.0
2026-01-25,P001,产线1,31,29,0.0
2026-01-25,P002,产线1,35,34,0.0
2026-01-25,P003,产线2,39,39,0.0
2026-01-25,P004,产线2,29,28,0.0
2026-01-25,P005,产线3,81,77,0.0
2026-01-25,P006,产线3,306,298,0.0
2026-01-26,P001,产线1,30,29,0.0
2026-01-26,P002,产线1,33,32,0.0
2026-01-26,P003,产线2,42,39,0.0
2026-01-26,P004,产线2,29,28,0.0
2026-01-26,P005,产线3,76,75,0.0
2026-01-26,P006,产线3,298,292,0.0
2026-01-27,P001,产线1,29,25,2.03
2026-01-27,P002,产线1,37,34,0.0
2026-01-27,P003,产线2,42,41,0.0
2026-01-27,P004,产线2,28,20,2.93
2026-01-27,P005,产线3,78,77,0.0
2026-01-27,P006,产线3,288,284,0.0
2026-01-28,P001,产线1,31,31,0.0
2026-01-28,P002,产线1,35,33,0.0
2026-01-28,P003,产线2,38,37,0.0
2026-01-28,P004,产线2,29,27,0.0
2026-01-28,P005,产线3,77,75,0.0
2026-01-28,P006,产线3,288,282,0.0
2026-01-29,P001,产线1,29,29,0.0
2026-01-29,P002,产线1,35,34,0.0
2026-01-29,P003,产线2,41,41,0.0
2026-01-29,P004,产线2,27,27,0.0
2026-01-29,P005,产线3,78,73,0.0
2026-01-29,P006,产线3,303,294,0.0
2026-01-30,P001,产线1,31,31,0.0
2026-01-30,P002,产线1,36,34,0.0
2026-01-30,P003,产线2,39,37,0.0
2026-01-30,P004,产线2,27,26,0.0
2026-01-30,P005,产线3,77,76,0.0
2026-01-30,P006,产线3,302,294,0.0
2026-01-31,P001,产线1,29,28,0.0
2026-01-31,P002,产线1,34,33,0.0
2026-01-31,P003,产线2,40,38,0.0
2026-01-31,P004,产线2,27,25,0.0
2026-01-31,P005,产线3,80,77,0.0
2026-01-31,P006,产线3,296,289,0.0
2026-02-01,P001,产线1,31,30,0.0
2026-02-01,P002,产线1,35,34,0.0
2026-02-01,P003,产线2,42,41,0.0
2026-02-01,P004,产线2,28,28,0.0
2026-02-01,P005,产线3,82,79,0.0
2026-02-01,P006,产线3,286,267,0.0
2026-02-02,P001,产线1,29,28,0.0
2026-02-02,P002,产线1,34,33,0.0
2026-02-02,P003,产线2,41,38,0.0
2026-02-02,P004,产线2,29,27,0.0
2026-02-02,P005,产线3,80,75,0.6
2026-02-02,P006,产线3,299,281,0.0
2026-02-03,P001,产线1,31,29,0.0
2026-02-03,P002,产线1,36,34,0.0
2026-02-03,P003,产线2,40,34,1.33
2026-02-03,P004,产线2,29,25,1.43
2026-02-03,P005,产线3,80,79,0.0
2026-02-03,P006,产线3,290,287,0.0
2026-02-04,P001,产线1,30,24,2.4
2026-02-04,P002,产线1,34,33,0.0
2026-02-04,P003,产线2,42,39,0.0
2026-02-04,P004,产线2,27,26,0.0
2026-02-04,P005,产线3,77,72,0.0
2026-02-04,P006,产线3,291,289,0.0
2026-02-05,P001,产线1,30,28,0.0
2026-02-05,P002,产线1,36,36,0.0
2026-02-05,P003,产线2,41,39,0.0
2026-02-05,P004,产线2,27,25,0.0
2026-02-05,P005,产线3,78,75,0.0
2026-02-05,P006,产线3,289,270,0.0
2026-02-06,P001,产线1,31,31,0.0
2026-02-06,P002,产线1,35,35,0.0
2026-02-06,P003,产线2,39,30,3.55
2026-02-06,P004,产线2,28,28,0.0
2026-02-06,P005,产线3,76,71,0.0
2026-02-06,P006,产线3,310,292,0.0
2026-02-07,P001,产线1,30,29,0.0
2026-02-07,P002,产线1,36,35,0.0
2026-02-07,P003,产线2,40,39,0.0
2026-02-07,P004,产线2,27,22,2.27
2026-02-07,P005,产线3,83,79,0.0
2026-02-07,P006,产线3,304,291,0.0
2026-02-08,P001,产线1,31,30,0.0
2026-02-08,P002,产线1,36,35,0.0
2026-02-08,P003,产线2,41,39,0.0
2026-02-08,P004,产线2,27,27,0.0
2026-02-08,P005,产线3,78,73,0.0
2026-02-08,P006,产线3,302,284,0.0
2026-02-09,P001,产线1,31,31,0.0
2026-02-09,P002,产线1,35,34,0.0
2026-02-09,P003,产线2,41,40,0.0
2026-02-09,P004,产线2,28,27,0.0
2026-02-09,P005,产线3,76,74,0.0
2026-02-09,P006,产线3,314,254,2.6
2026-02-10,P001,产线1,30,28,0.0
2026-02-10,P002,产线1,37,36,0.0
2026-02-10,P003,产线2,41,39,0.0
2026-02-10,P004,产线2,29,29,0.0
2026-02-10,P005,产线3,84,79,0.0
2026-02-10,P006,产线3,287,217,3.18
2026-02-11,P001,产线1,30,29,0.0
2026-02-11,P002,产线1,35,33,0.0
2026-02-11,P003,产线2,41,41,0.0
2026-02-11,P004,产线2,28,27,0.0
2026-02-11,P005,产线3,83,79,0.0
2026-02-11,P006,产线3,305,294,0.0
2026-02-12,P001,产线1,30,30,0.0
2026-02-12,P002,产线1,35,35,0.0
2026-02-12,P003,产线2,41,41,0.0
2026-02-12,P004,产线2,28,28,0.0
2026-02-12,P005,产线3,81,77,0.0
2026-02-12,P006,产线3,293,214,3.92
2026-02-13,P001,产线1,29,28,0.0
2026-02-13,P002,产线1,35,35,0.0
2026-02-13,P003,产线2,42,37,2.43
2026-02-13,P004,产线2,27,26,0.0
2026-02-13,P005,产线3,77,73,0.0
2026-02-13,P006,产线3,299,243,2.52
2026-02-14,P001,产线1,30,28,0.0
2026-02-14,P002,产线1,36,35,0.0
2026-02-14,P003,产线2,39,38,0.0
2026-02-14,P004,产线2,29,29,0.0
2026-02-14,P005,产线3,84,78,0.0
2026-02-14,P006,产线3,306,241,2.44
2026-02-15,P001,产线1,31,29,0.0
2026-02-15,P002,产线1,36,35,0.0
2026-02-15,P003,产线2,39,31,2.35
2026-02-15,P004,产线2,28,26,0.0
2026-02-15,P005,产线3,77,72,0.0
2026-02-15,P006,产线3,301,295,0.0
2026-02-16,P001,产线1,29,29,0.0
2026-02-16,P002,产线1,35,34,0.0
2026-02-16,P003,产线2,39,36,1.74
2026-02-16,P004,产线2,28,27,0.0
2026-02-16,P005,产线3,78,76,0.0
2026-02-16,P006,产线3,299,288,0.0
2026-02-17,P001,产线1,29,27,0.0
2026-02-17,P002,产线1,34,32,0.0
2026-02-17,P003,产线2,38,37,0.0
2026-02-17,P004,产线2,27,27,0.0
2026-02-17,P005,产线3,78,74,0.0
2026-02-17,P006,产线3,290,280,0.0
2026-02-18,P001,产线1,31,30,0.0
2026-02-18,P002,产线1,34,33,0.0
2026-02-18,P003,产线2,38,36,0.0
2026-02-18,P004,产线2,29,29,0.0
2026-02-18,P005,产线3,81,78,0.0
2026-02-18,P006,产线3,291,277,0.0
2026-02-19,P001,产线1,31,29,0.0
2026-02-19,P002,产线1,36,28,3.18
2026-02-19,P003,产线2,40,39,0.0
2026-02-19,P004,产线2,28,28,0.0
2026-02-19,P005,产线3,83,81,0.0
2026-02-19,P006,产线3,293,291,0.0
2026-02-20,P001,产线1,30,28,0.0
2026-02-20,P002,产线1,36,34,0.0
2026-02-20,P003,产线2,38,35,0.0
2026-02-20,P004,产线2,29,27,0.0
2026-02-20,P005,产线3,81,79,0.0
2026-02-20,P006,产线3,300,281,0.0
2026-02-21,P001,产线1,31,31,0.0
2026-02-21,P002,产线1,35,33,0.0
2026-02-21,P003,产线2,40,40,0.0
2026-02-21,P004,产线2,29,28,0.0
2026-02-21,P005,产线3,80,79,0.0
2026-02-21,P006,产线3,306,288,0.0
2026-02-22,P001,产线1,30,28,0.0
2026-02-22,P002,产线1,34,32,0.0
2026-02-22,P003,产线2,40,38,0.0
2026-02-22,P004,产线2,28,28,0.0
2026-02-22,P005,产线3,81,78,0.0
2026-02-22,P006,产线3,315,305,0.0
2026-02-23,P001,产线1,31,29,0.0
2026-02-23,P002,产线1,37,36,0.0
2026-02-23,P003,产线2,39,39,0.0
2026-02-23,P004,产线2,29,29,0.0
2026-02-23,P005,产线3,80,76,0.0
2026-02-23,P006,产线3,289,271,0.0
2026-02-24,P001,产线1,31,21,3.93
2026-02-24,P002,产线1,36,35,0.0
2026-02-24,P003,产线2,40,39,0.0
2026-02-24,P004,产线2,28,27,0.0
2026-02-24,P005,产线3,79,78,0.0
2026-02-24,P006,产线3,295,292,0.0
2026-02-25,P001,产线1,31,29,0.0
2026-02-25,P002,产线1,35,34,0.0
2026-02-25,P003,产线2,39,37,0.0
2026-02-25,P004,产线2,29,28,0.0
2026-02-25,P005,产线3,80,79,0.0
2026-02-25,P006,产线3,294,276,0.0
2026-02-26,P001,产线1,31,30,0.0
2026-02-26,P002,产线1,37,36,0.0
2026-02-26,P003,产线2,40,39,0.0
2026-02-26,P004,产线2,29,28,0.0
2026-02-26,P005,产线3,80,62,3.34
2026-02-26,P006,产线3,300,289,0.0
2026-02-27,P001,产线1,31,29,0.0
2026-02-27,P002,产线1,35,34,0.0
2026-02-27,P003,产线2,38,37,0.0
2026-02-27,P004,产线2,28,24,2.06
2026-02-27,P005,产线3,76,71,0.0
2026-02-27,P006,产线3,291,282,0.0
2026-02-28,P001,产线1,31,31,0.0
2026-02-28,P002,产线1,34,32,0.0
2026-02-28,P003,产线2,41,39,0.0
2026-02-28,P004,产线2,27,26,0.0
2026-02-28,P005,产线3,83,79,0.0
2026-02-28,P006,产线3,294,280,0.0
2026-03-01,P001,产线1,31,30,0.0
2026-03-01,P002,产线1,35,34,0.0
2026-03-01,P003,产线2,40,39,0.0
2026-03-01,P004,产线2,27,26,0.0
2026-03-01,P005,产线3,82,77,0.0
2026-03-01,P006,产线3,307,289,0.0
2026-03-02,P001,产线1,29,28,0.0
2026-03-02,P002,产线1,34,32,0.0
2026-03-02,P003,产线2,40,39,0.0
2026-03-02,P004,产线2,28,28,0.0
2026-03-02,P005,产线3,81,76,0.0
2026-03-02,P006,产线3,287,286,0.0
2026-03-03,P001,产线1,30,29,0.0
2026-03-03,P002,产线1,35,34,0.0
2026-03-03,P003,产线2,39,39,0.0
2026-03-03,P004,产线2,29,29,0.0
2026-03-03,P005,产线3,83,81,0.0
2026-03-03,P006,产线3,294,283,0.52
2026-03-04,P001,产线1,30,30,0.0
2026-03-04,P002,产线1,34,29,1.76
2026-03-04,P003,产线2,41,39,0.0
2026-03-04,P004,产线2,28,26,0.0
2026-03-04,P005,产线3,83,78,0.0
2026-03-04,P006,产线3,287,277,0.0
2026-03-05,P001,产线1,31,29,0.0
2026-03-05,P002,产线1,36,36,0.0
2026-03-05,P003,产线2,41,39,0.0
2026-03-05,P004,产线2,28,27,0.0
2026-03-05,P005,产线3,78,78,0.0
2026-03-05,P006,产线3,295,258,0.95
2026-03-06,P001,产线1,31,31,0.0
2026-03-06,P002,产线1,34,32,0.0
2026-03-06,P003,产线2,39,37,0.0
2026-03-06,P004,产线2,28,26,0.0
2026-03-06,P005,产线3,84,66,3.59
2026-03-06,P006,产线3,301,296,0.0
2026-03-07,P001,产线1,31,31,0.0
2026-03-07,P002,产线1,35,34,0.0
2026-03-07,P003,产线2,42,42,0.0
2026-03-07,P004,产线2,28,27,0.0
2026-03-07,P005,产线3,76,72,0.0
2026-03-07,P006,产线3,298,288,0.0
2026-03-08,P001,产线1,29,29,0.0
2026-03-08,P002,产线1,34,32,0.0
2026-03-08,P003,产线2,42,41,0.0
2026-03-08,P004,产线2,28,27,0.0
2026-03-08,P005,产线3,83,80,0.0
2026-03-08,P006,产线3,290,272,0.0
2026-03-09,P001,产线1,29,27,0.0
2026-03-09,P002,产线1,36,35,0.0
2026-03-09,P003,产线2,39,32,2.72
2026-03-09,P004,产线2,28,26,0.0
2026-03-09,P005,产线3,80,76,0.0
2026-03-09,P006,产线3,307,297,0.54
2026-03-10,P001,产线1,31,29,0.0
2026-03-10,P002,产线1,34,33,0.0
2026-03-10,P003,产线2,42,37,2.12
2026-03-10,P004,产线2,27,27,0.0
2026-03-10,P005,产线3,79,78,0.0
2026-03-10,P006,产线3,288,282,0.0
2026-03-11,P001,产线1,29,27,0.0
2026-03-11,P002,产线1,34,32,0.0
2026-03-11,P003,产线2,39,36,0.0
2026-03-11,P004,产线2,28,27,0.0
2026-03-11,P005,产线3,82,82,0.0
2026-03-11,P006,产线3,305,266,1.9
2026-03-12,P001,产线1,29,28,0.0
2026-03-12,P002,产线1,33,32,0.0
2026-03-12,P003,产线2,39,38,0.0
2026-03-12,P004,产线2,27,25,0.0
2026-03-12,P005,产线3,82,76,0.0
2026-03-12,P006,产线3,312,298,0.0
2026-03-13,P001,产线1,31,29,0.0
2026-03-13,P002,产线1,35,34,0.0
2026-03-13,P003,产线2,41,38,0.0
2026-03-13,P004,产线2,27,27,0.0
2026-03-13,P005,产线3,78,75,0.0
2026-03-13,P006,产线3,311,239,3.76
2026-03-14,P001,产线1,31,29,0.0
2026-03-14,P002,产线1,35,35,0.0
2026-03-14,P003,产线2,39,37,0.0
2026-03-14,P004,产线2,27,26,0.0
2026-03-14,P005,产线3,81,77,0.0
2026-03-14,P006,产线3,288,287,0.0
2026-03-15,P001,产线1,31,30,0.0
2026-03-15,P002,产线1,34,33,0.0
2026-03-15,P003,产线2,40,38,0.0
2026-03-15,P004,产线2,29,28,0.0
2026-03-15,P005,产线3,76,71,0.0
2026-03-15,P006,产线3,286,270,0.0
2026-03-16,P001,产线1,29,29,0.0
2026-03-16,P002,产线1,37,35,0.0
2026-03-16,P003,产线2,40,38,0.0
2026-03-16,P004,产线2,29,28,0.0
2026-03-16,P005,产线3,84,83,0.0
2026-03-16,P006,产线3,305,298,0.0
2026-03-17,P001,产线1,29,28,0.74
2026-03-17,P002,产线1,35,34,0.0
2026-03-17,P003,产线2,42,42,0.0
2026-03-17,P004,产线2,28,26,0.0
2026-03-17,P005,产线3,79,75,0.0
2026-03-17,P006,产线3,301,301,0.0
2026-03-18,P001,产线1,31,30,0.0
2026-03-18,P002,产线1,36,34,0.0
2026-03-18,P003,产线2,41,39,0.0
2026-03-18,P004,产线2,29,27,0.0
2026-03-18,P005,产线3,78,71,1.14
2026-03-18,P006,产线3,308,302,0.0
2026-03-19,P001,产线1,30,29,0.0
2026-03-19,P002,产线1,34,33,0.0
2026-03-19,P003,产线2,42,39,0.0
2026-03-19,P004,产线2,27,19,3.87
2026-03-19,P005,产线3,81,80,0.0
2026-03-19,P006,产线3,303,301,0.0
2026-03-20,P001,产线1,31,30,0.0
2026-03-20,P002,产线1,36,34,0.0
2026-03-20,P003,产线2,42,40,0.0
2026-03-20,P004,产线2,29,27,0.0
2026-03-20,P005,产线3,80,74,0.83
2026-03-20,P006,产线3,286,274,0.0
2026-03-21,P001,产线1,29,28,0.0
2026-03-21,P002,产线1,36,35,0.0
2026-03-21,P003,产线2,40,37,0.0
2026-03-21,P004,产线2,29,29,0.0
2026-03-21,P005,产线3,81,80,0.0
2026-03-21,P006,产线3,296,275,0.0
2026-03-22,P001,产线1,31,30,0.0
2026-03-22,P002,产线1,36,35,0.0
2026-03-22,P003,产线2,40,38,0.0
2026-03-22,P004,产线2,28,26,0.0
2026-03-22,P005,产线3,76,74,0.0
2026-03-22,P006,产线3,299,299,0.0
2026-03-23,P001,产线1,30,29,0.0
2026-03-23,P002,产线1,34,30,1.07
2026-03-23,P003,产线2,40,37,0.0
2026-03-23,P004,产线2,28,27,0.0
2026-03-23,P005,产线3,78,77,0.0
2026-03-23,P006,产线3,296,287,0.0
2026-03-24,P001,产线1,30,29,0.0
2026-03-24,P002,产线1,36,35,0.0
2026-03-24,P003,产线2,40,40,0.0
2026-03-24,P004,产线2,29,29,0.0
2026-03-24,P005,产线3,78,74,0.0
2026-03-24,P006,产线3,293,277,0.0
2026-03-25,P001,产线1,31,29,0.0
2026-03-25,P002,产线1,34,33,0.0
2026-03-25,P003,产线2,39,28,3.97
2026-03-25,P004,产线2,28,27,0.0
2026-03-25,P005,产线3,78,76,0.0
2026-03-25,P006,产线3,287,282,0.0
2026-03-26,P001,产线1,30,28,0.0
2026-03-26,P002,产线1,37,35,0.0
2026-03-26,P003,产线2,42,41,0.0
2026-03-26,P004,产线2,29,28,0.0
2026-03-26,P005,产线3,83,78,0.0
2026-03-26,P006,产线3,292,217,3.05
2026-03-27,P001,产线1,31,29,0.0
2026-03-27,P002,产线1,36,34,0.0
2026-03-27,P003,产线2,40,39,0.0
2026-03-27,P004,产线2,29,28,0.0
2026-03-27,P005,产线3,78,77,0.0
2026-03-27,P006,产线3,287,285,0.0
2026-03-28,P001,产线1,29,29,0.0
2026-03-28,P002,产线1,35,34,0.0
2026-03-28,P003,产线2,41,31,3.97
2026-03-28,P004,产线2,29,28,0.0
2026-03-28,P005,产线3,82,80,0.0
2026-03-28,P006,产线3,296,217,3.08
2026-03-29,P001,产线1,30,29,0.0
2026-03-29,P002,产线1,36,34,0.0
2026-03-29,P003,产线2,42,39,0.0
2026-03-29,P004,产线2,28,28,0.0
2026-03-29,P005,产线3,79,75,0.0
2026-03-29,P006,产线3,291,228,3.23
2026-03-30,P001,产线1,29,28,0.0
2026-03-30,P002,产线1,34,34,0.0
2026-03-30,P003,产线2,39,37,0.0
2026-03-30,P004,产线2,29,28,0.0
2026-03-30,P005,产线3,80,77,0.0
2026-03-30,P006,产线3,300,282,0.0
2026-03-31,P001,产线1,30,29,0.0
2026-03-31,P002,产线1,36,35,0.0
2026-03-31,P003,产线2,41,40,0.0
2026-03-31,P004,产线2,29,23,3.13
2026-03-31,P005,产线3,77,75,0.0
2026-03-31,P006,产线3,301,292,0.0
2026-04-01,P001,产线1,30,28,0.0
2026-04-01,P002,产线1,35,29,2.73
2026-04-01,P003,产线2,41,40,0.0
2026-04-01,P004,产线2,29,28,0.0
2026-04-01,P005,产线3,78,76,0.0
2026-04-01,P006,产线3,305,295,0.0
2026-04-02,P001,产线1,31,31,0.0
2026-04-02,P002,产线1,36,35,0.0
2026-04-02,P003,产线2,40,39,0.0
2026-04-02,P004,产线2,27,26,0.0
2026-04-02,P005,产线3,81,71,1.93
2026-04-02,P006,产线3,313,310,0.0
2026-04-03,P001,产线1,31,31,0.0
2026-04-03,P002,产线1,36,36,0.0
2026-04-03,P003,产线2,39,39,0.0
2026-04-03,P004,产线2,28,27,0.0
2026-04-03,P005,产线3,80,78,0.0
2026-04-03,P006,产线3,309,301,0.0
2026-04-04,P001,产线1,30,30,0.0
2026-04-04,P002,产线1,35,34,0.0
2026-04-04,P003,产线2,38,37,0.0
2026-04-04,P004,产线2,28,26,0.0
2026-04-04,P005,产线3,80,68,1.65
2026-04-04,P006,产线3,295,292,0.0
2026-04-05,P001,产线1,29,29,0.0
2026-04-05,P002,产线1,33,32,0.0
2026-04-05,P003,产线2,41,40,0.0
2026-04-05,P004,产线2,28,26,0.0
2026-04-05,P005,产线3,83,66,3.46
2026-04-05,P006,产线3,304,294,0.0
2026-04-06,P001,产线1,29,29,0.0
2026-04-06,P002,产线1,34,32,0.0
2026-04-06,P003,产线2,39,38,0.0
2026-04-06,P004,产线2,27,25,0.0
2026-04-06,P005,产线3,81,60,3.84
2026-04-06,P006,产线3,310,280,1.29
2026-04-07,P001,产线1,31,30,0.0
2026-04-07,P002,产线1,36,34,0.0
2026-04-07,P003,产线2,38,37,0.0
2026-04-07,P004,产线2,27,26,0.0
2026-04-07,P005,产线3,76,76,0.0
2026-04-07,P006,产线3,300,287,0.0
2026-04-08,P001,产线1,29,28,0.0
2026-04-08,P002,产线1,33,33,0.0
2026-04-08,P003,产线2,42,40,0.0
2026-04-08,P004,产线2,29,27,0.0
2026-04-08,P005,产线3,82,78,0.0
2026-04-08,P006,产线3,303,288,0.0
2026-04-09,P001,产线1,31,29,0.0
2026-04-09,P002,产线1,36,35,0.0
2026-04-09,P003,产线2,39,38,0.0
2026-04-09,P004,产线2,27,26,0.0
2026-04-09,P005,产线3,83,79,0.0
2026-04-09,P006,产线3,296,263,0.64
2026-04-10,P001,产线1,30,29,0.0
2026-04-10,P002,产线1,37,36,0.0
2026-04-10,P003,产线2,41,41,0.0
2026-04-10,P004,产线2,27,26,0.0
2026-04-10,P005,产线3,83,80,0.0
2026-04-10,P006,产线3,293,248,2.07
2026-04-11,P001,产线1,31,30,0.0
2026-04-11,P002,产线1,34,33,0.0
2026-04-11,P003,产线2,40,38,0.0
2026-04-11,P004,产线2,29,26,1.19
2026-04-11,P005,产线3,77,73,0.0
2026-04-11,P006,产线3,296,288,0.0
2026-04-12,P001,产线1,31,30,0.0
2026-04-12,P002,产线1,34,32,0.0
2026-04-12,P003,产线2,41,40,0.0
2026-04-12,P004,产线2,27,25,0.0
2026-04-12,P005,产线3,80,67,1.73
2026-04-12,P006,产线3,307,303,0.0
2026-04-13,P001,产线1,29,29,0.0
2026-04-13,P002,产线1,36,34,0.0
2026-04-13,P003,产线2,39,38,0.0
2026-04-13,P004,产线2,28,27,0.0
2026-04-13,P005,产线3,81,64,2.4
2026-04-13,P006,产线3,299,242,2.95
2026-04-14,P001,产线1,29,27,0.0
2026-04-14,P002,产线1,35,35,0.0
2026-04-14,P003,产线2,38,37,0.0
2026-04-14,P004,产线2,28,26,0.85
2026-04-14,P005,产线3,82,77,0.0
2026-04-14,P006,产线3,295,268,1.04
2026-04-15,P001,产线1,30,26,1.08
2026-04-15,P002,产线1,34,33,0.0
2026-04-15,P003,产线2,41,40,0.0
2026-04-15,P004,产线2,29,28,0.0
2026-04-15,P005,产线3,79,78,0.0
2026-04-15,P006,产线3,315,307,0.0
2026-04-16,P001,产线1,30,28,0.0
2026-04-16,P002,产线1,34,34,0.0
2026-04-16,P003,产线2,41,41,0.0
2026-04-16,P004,产线2,29,28,0.0
2026-04-16,P005,产线3,83,81,0.0
2026-04-16,P006,产线3,286,276,0.0
2026-04-17,P001,产线1,29,28,0.0
2026-04-17,P002,产线1,36,35,0.0
2026-04-17,P003,产线2,39,31,3.46
2026-04-17,P004,产线2,28,26,0.0
2026-04-17,P005,产线3,80,76,0.0
2026-04-17,P006,产线3,309,303,0.0
2026-04-18,P001,产线1,29,28,0.0
2026-04-18,P002,产线1,36,34,0.0
2026-04-18,P003,产线2,40,37,0.0
2026-04-18,P004,产线2,28,27,0.0
2026-04-18,P005,产线3,77,63,1.94
2026-04-18,P006,产线3,293,291,0.0
2026-04-19,P001,产线1,29,28,0.0
2026-04-19,P002,产线1,35,34,0.0
2026-04-19,P003,产线2,39,37,0.0
2026-04-19,P004,产线2,28,27,0.0
2026-04-19,P005,产线3,84,81,0.0
2026-04-19,P006,产线3,294,257,1.2
2026-04-20,P001,产线1,31,31,0.0
2026-04-20,P002,产线1,34,33,0.0
2026-04-20,P003,产线2,38,37,0.0
2026-04-20,P004,产线2,27,25,0.0
2026-04-20,P005,产线3,81,71,1.39
2026-04-20,P006,产线3,297,290,0.0
2026-04-21,P001,产线1,29,29,0.0
2026-04-21,P002,产线1,36,36,0.0
2026-04-21,P003,产线2,42,41,0.0
2026-04-21,P004,产线2,29,29,0.0
2026-04-21,P005,产线3,82,80,0.0
2026-04-21,P006,产线3,314,303,0.0
2026-04-22,P001,产线1,30,30,0.0
2026-04-22,P002,产线1,36,34,0.0
2026-04-22,P003,产线2,42,42,0.0
2026-04-22,P004,产线2,29,28,0.0
2026-04-22,P005,产线3,83,74,1.53
2026-04-22,P006,产线3,296,278,0.0
2026-04-23,P001,产线1,31,29,0.61
2026-04-23,P002,产线1,35,34,0.0
2026-04-23,P003,产线2,41,39,0.0
2026-04-23,P004,产线2,27,26,0.0
2026-04-23,P005,产线3,79,76,0.0
2026-04-23,P006,产线3,314,268,1.6
2026-04-24,P001,产线1,31,31,0.0
2026-04-24,P002,产线1,36,34,0.0
2026-04-24,P003,产线2,40,39,0.0
2026-04-24,P004,产线2,28,28,0.0
2026-04-24,P005,产线3,84,79,0.0
2026-04-24,P006,产线3,302,293,0.0
2026-04-25,P001,产线1,29,29,0.0
2026-04-25,P002,产线1,37,36,0.0
2026-04-25,P003,产线2,38,37,0.0
2026-04-25,P004,产线2,28,28,0.0
2026-04-25,P005,产线3,80,77,0.0
2026-04-25,P006,产线3,294,249,1.64
2026-04-26,P001,产线1,31,31,0.0
2026-04-26,P002,产线1,35,34,0.0
2026-04-26,P003,产线2,39,37,0.0
2026-04-26,P004,产线2,27,27,0.0
2026-04-26,P005,产线3,81,78,0.0
2026-04-26,P006,产线3,305,297,0.0
2026-04-27,P001,产线1,31,29,0.0
2026-04-27,P002,产线1,33,26,2.57
2026-04-27,P003,产线2,40,40,0.0
2026-04-27,P004,产线2,28,27,0.0
2026-04-27,P005,产线3,81,78,0.0
2026-04-27,P006,产线3,305,239,2.59
2026-04-28,P001,产线1,30,30,0.0
2026-04-28,P002,产线1,35,34,0.0
2026-04-28,P003,产线2,41,40,0.0
2026-04-28,P004,产线2,27,25,0.0
2026-04-28,P005,产线3,83,78,0.0
2026-04-28,P006,产线3,296,282,0.0
2026-04-29,P001,产线1,29,28,0.0
2026-04-29,P002,产线1,34,32,0.0
2026-04-29,P003,产线2,39,37,0.0
2026-04-29,P004,产线2,27,26,0.0
2026-04-29,P005,产线3,78,78,0.0
2026-04-29,P006,产线3,307,303,0.0
2026-04-30,P001,产线1,31,31,0.0
2026-04-30,P002,产线1,34,31,1.2
2026-04-30,P003,产线2,41,41,0.0
2026-04-30,P004,产线2,28,28,0.0
2026-04-30,P005,产线3,83,77,0.0
2026-04-30,P006,产线3,307,302,0.0
2026-05-01,P001,产线1,30,28,0.0
2026-05-01,P002,产线1,36,35,0.0
2026-05-01,P003,产线2,40,39,0.0
2026-05-01,P004,产线2,27,27,0.0
2026-05-01,P005,产线3,76,70,1.01
2026-05-01,P006,产线3,306,286,0.0
2026-05-02,P001,产线1,29,28,0.0
2026-05-02,P002,产线1,36,35,0.0
2026-05-02,P003,产线2,41,39,0.0
2026-05-02,P004,产线2,27,26,0.0
2026-05-02,P005,产线3,80,76,0.0
2026-05-02,P006,产线3,311,303,0.0
2026-05-03,P001,产线1,30,29,0.0
2026-05-03,P002,产线1,33,32,0.0
2026-05-03,P003,产线2,41,40,0.0
2026-05-03,P004,产线2,27,25,0.0
2026-05-03,P005,产线3,82,79,0.0
2026-05-03,P006,产线3,314,303,0.0
2026-05-04,P001,产线1,30,30,0.0
2026-05-04,P002,产线1,34,33,0.0
2026-05-04,P003,产线2,39,37,0.0
2026-05-04,P004,产线2,28,26,0.0
2026-05-04,P005,产线3,83,60,3.86
2026-05-04,P006,产线3,313,292,0.0
2026-05-05,P001,产线1,30,28,0.0
2026-05-05,P002,产线1,36,34,0.0
2026-05-05,P003,产线2,40,35,1.01
2026-05-05,P004,产线2,28,27,0.0
2026-05-05,P005,产线3,76,75,0.0
2026-05-05,P006,产线3,311,289,0.0
2026-05-06,P001,产线1,30,29,0.0
2026-05-06,P002,产线1,35,34,0.0
2026-05-06,P003,产线2,39,38,0.0
2026-05-06,P004,产线2,27,26,0.0
2026-05-06,P005,产线3,81,76,0.0
2026-05-06,P006,产线3,309,296,0.0
2026-05-07,P001,产线1,29,28,0.0
2026-05-07,P002,产线1,34,34,0.0
2026-05-07,P003,产线2,39,37,0.0
2026-05-07,P004,产线2,27,27,0.0
2026-05-07,P005,产线3,80,77,0.0
2026-05-07,P006,产线3,296,289,0.0
2026-05-08,P001,产线1,29,28,0.0
2026-05-08,P002,产线1,34,32,1.02
2026-05-08,P003,产线2,41,39,0.0
2026-05-08,P004,产线2,28,28,0.0
2026-05-08,P005,产线3,77,77,0.0
2026-05-08,P006,产线3,308,305,0.0
2026-05-09,P001,产线1,29,28,0.0
2026-05-09,P002,产线1,33,32,0.0
2026-05-09,P003,产线2,40,39,0.0
2026-05-09,P004,产线2,27,25,0.0
2026-05-09,P005,产线3,81,80,0.0
2026-05-09,P006,产线3,300,285,0.0
2026-05-10,P001,产线1,31,30,0.0
2026-05-10,P002,产线1,36,34,0.0
2026-05-10,P003,产线2,39,38,0.0
2026-05-10,P004,产线2,28,28,0.0
2026-05-10,P005,产线3,80,75,0.0
2026-05-10,P006,产线3,288,283,0.0
2026-05-11,P001,产线1,29,27,0.0
2026-05-11,P002,产线1,35,33,0.0
2026-05-11,P003,产线2,42,41,0.0
2026-05-11,P004,产线2,29,27,0.0
2026-05-11,P005,产线3,80,76,0.0
2026-05-11,P006,产线3,313,302,0.0
2026-05-12,P001,产线1,30,29,0.0
2026-05-12,P002,产线1,34,30,1.35
2026-05-12,P003,产线2,42,41,0.0
2026-05-12,P004,产线2,27,26,0.0
2026-05-12,P005,产线3,81,79,0.0
2026-05-12,P006,产线3,305,290,0.0
2026-05-13,P001,产线1,30,28,0.0
2026-05-13,P002,产线1,35,35,0.0
2026-05-13,P003,产线2,40,39,0.0
2026-05-13,P004,产线2,29,20,3.8
2026-05-13,P005,产线3,81,81,0.0
2026-05-13,P006,产线3,310,290,0.0
2026-05-14,P001,产线1,31,29,0.0
2026-05-14,P002,产线1,35,34,0.0
2026-05-14,P003,产线2,41,41,0.0
2026-05-14,P004,产线2,28,27,0.0
2026-05-14,P005,产线3,81,79,0.0
2026-05-14,P006,产线3,305,298,0.0
2026-05-15,P001,产线1,30,29,0.0
2026-05-15,P002,产线1,35,34,0.0
2026-05-15,P003,产线2,38,36,0.0
2026-05-15,P004,产线2,29,28,0.0
2026-05-15,P005,产线3,80,78,0.0
2026-05-15,P006,产线3,289,276,0.0
2026-05-16,P001,产线1,30,28,0.0
2026-05-16,P002,产线1,37,36,0.0
2026-05-16,P003,产线2,40,36,0.73
2026-05-16,P004,产线2,29,28,0.0
2026-05-16,P005,产线3,81,79,0.0
2026-05-16,P006,产线3,286,276,0.0
2026-05-17,P001,产线1,29,28,0.0
2026-05-17,P002,产线1,34,33,0.0
2026-05-17,P003,产线2,38,33,1.29
2026-05-17,P004,产线2,27,26,0.0
2026-05-17,P005,产线3,80,76,0.0
2026-05-17,P006,产线3,297,245,2.32
2026-05-18,P001,产线1,29,29,0.0
2026-05-18,P002,产线1,36,34,0.0
2026-05-18,P003,产线2,38,36,0.0
2026-05-18,P004,产线2,28,26,0.0
2026-05-18,P005,产线3,82,80,0.0
2026-05-18,P006,产线3,305,297,0.0
2026-05-19,P001,产线1,29,28,0.0
2026-05-19,P002,产线1,36,34,0.0
2026-05-19,P003,产线2,41,33,2.98
2026-05-19,P004,产线2,27,26,0.0
2026-05-19,P005,产线3,81,77,0.0
2026-05-19,P006,产线3,291,275,0.0
2026-05-20,P001,产线1,31,29,0.0
2026-05-20,P002,产线1,35,33,0.0
2026-05-20,P003,产线2,40,39,0.0
2026-05-20,P004,产线2,29,29,0.0
2026-05-20,P005,产线3,80,80,0.0
2026-05-20,P006,产线3,296,284,0.0
2026-05-21,P001,产线1,31,29,0.0
2026-05-21,P002,产线1,35,33,0.0
2026-05-21,P003,产线2,42,40,0.0
2026-05-21,P004,产线2,29,27,0.0
2026-05-21,P005,产线3,77,75,0.0
2026-05-21,P006,产线3,310,302,0.0
2026-05-22,P001,产线1,29,28,0.0
2026-05-22,P002,产线1,36,34,0.0
2026-05-22,P003,产线2,41,31,3.91
2026-05-22,P004,产线2,28,28,0.0
2026-05-22,P005,产线3,84,81,0.0
2026-05-22,P006,产线3,299,292,0.0
2026-05-23,P001,产线1,29,28,0.0
2026-05-23,P002,产线1,37,37,0.0
2026-05-23,P003,产线2,39,37,0.0
2026-05-23,P004,产线2,27,26,0.0
2026-05-23,P005,产线3,80,77,0.0
2026-05-23,P006,产线3,308,294,0.0
2026-05-24,P001,产线1,29,28,0.0
2026-05-24,P002,产线1,33,31,0.0
2026-05-24,P003,产线2,41,41,0.0
2026-05-24,P004,产线2,27,26,0.0
2026-05-24,P005,产线3,80,76,0.0
2026-05-24,P006,产线3,311,305,0.0
2026-05-25,P001,产线1,31,29,0.0
2026-05-25,P002,产线1,35,34,0.0
2026-05-25,P003,产线2,41,41,0.0
2026-05-25,P004,产线2,29,28,0.0
2026-05-25,P005,产线3,81,60,3.42
2026-05-25,P006,产线3,302,232,3.15
2026-05-26,P001,产线1,29,29,0.0
2026-05-26,P002,产线1,35,34,0.0
2026-05-26,P003,产线2,41,39,0.0
2026-05-26,P004,产线2,28,26,0.0
2026-05-26,P005,产线3,81,77,0.0
2026-05-26,P006,产线3,314,308,0.0
2026-05-27,P001,产线1,31,31,0.0
2026-05-27,P002,产线1,34,34,0.0
2026-05-27,P003,产线2,41,40,0.0
2026-05-27,P004,产线2,28,26,0.0
2026-05-27,P005,产线3,80,80,0.0
2026-05-27,P006,产线3,311,257,2.28
2026-05-28,P001,产线1,31,29,0.0
2026-05-28,P002,产线1,34,33,0.0
2026-05-28,P003,产线2,39,38,0.0
2026-05-28,P004,产线2,29,21,2.84
2026-05-28,P005,产线3,76,74,0.0
2026-05-28,P006,产线3,310,277,0.99
2026-05-29,P001,产线1,29,27,0.77
2026-05-29,P002,产线1,35,33,0.0
2026-05-29,P003,产线2,39,37,0.0
2026-05-29,P004,产线2,29,28,0.0
2026-05-29,P005,产线3,76,73,0.0
2026-05-29,P006,产线3,309,305,0.0
2026-05-30,P001,产线1,31,30,0.0
2026-05-30,P002,产线1,36,34,0.0
2026-05-30,P003,产线2,40,39,0.0
2026-05-30,P004,产线2,28,28,0.0
2026-05-30,P005,产线3,77,74,0.0
2026-05-30,P006,产线3,291,274,0.0
2026-05-31,P001,产线1,29,28,0.0
2026-05-31,P002,产线1,34,34,0.0
2026-05-31,P003,产线2,40,38,0.0
2026-05-31,P004,产线2,28,27,0.0
2026-05-31,P005,产线3,83,78,0.0
2026-05-31,P006,产线3,303,300,0.0
2026-06-01,P001,产线1,29,28,0.0
2026-06-01,P002,产线1,36,35,0.0
2026-06-01,P003,产线2,40,38,0.0
2026-06-01,P004,产线2,27,27,0.0
2026-06-01,P005,产线3,83,80,0.0
2026-06-01,P006,产线3,287,276,0.0
2026-06-02,P001,产线1,30,29,0.0
2026-06-02,P002,产线1,36,34,0.0
2026-06-02,P003,产线2,40,37,0.0
2026-06-02,P004,产线2,28,24,1.82
2026-06-02,P005,产线3,82,79,0.0
2026-06-02,P006,产线3,290,286,0.0
2026-06-03,P001,产线1,31,30,0.0
2026-06-03,P002,产线1,36,36,0.0
2026-06-03,P003,产线2,39,38,0.0
2026-06-03,P004,产线2,29,28,0.0
2026-06-03,P005,产线3,82,80,0.0
2026-06-03,P006,产线3,286,279,0.0
2026-06-04,P001,产线1,31,31,0.0
2026-06-04,P002,产线1,34,32,0.0
2026-06-04,P003,产线2,38,38,0.0
2026-06-04,P004,产线2,29,28,0.0
2026-06-04,P005,产线3,82,70,1.87
2026-06-04,P006,产线3,293,283,0.0
2026-06-05,P001,产线1,30,29,0.0
2026-06-05,P002,产线1,37,35,0.0
2026-06-05,P003,产线2,41,32,3.82
2026-06-05,P004,产线2,28,24,1.06
2026-06-05,P005,产线3,84,82,0.0
2026-06-05,P006,产线3,314,310,0.0
2026-06-06,P001,产线1,30,29,0.0
2026-06-06,P002,产线1,36,36,0.0
2026-06-06,P003,产线2,38,38,0.0
2026-06-06,P004,产线2,27,19,3.11
2026-06-06,P005,产线3,82,75,1.03
2026-06-06,P006,产线3,314,311,0.0
2026-06-07,P001,产线1,31,29,0.0
2026-06-07,P002,产线1,35,34,0.0
2026-06-07,P003,产线2,42,40,0.0
2026-06-07,P004,产线2,27,25,0.0
2026-06-07,P005,产线3,79,76,0.0
2026-06-07,P006,产线3,285,276,0.0
2026-06-08,P001,产线1,29,28,0.0
2026-06-08,P002,产线1,35,33,0.0
2026-06-08,P003,产线2,42,40,0.0
2026-06-08,P004,产线2,29,28,0.0
2026-06-08,P005,产线3,82,78,0.0
2026-06-08,P006,产线3,311,292,0.0
2026-06-09,P001,产线1,29,29,0.0
2026-06-09,P002,产线1,37,35,0.0
2026-06-09,P003,产线2,39,38,0.0
2026-06-09,P004,产线2,29,27,0.0
2026-06-09,P005,产线3,78,73,0.0
2026-06-09,P006,产线3,296,289,0.0
2026-06-10,P001,产线1,30,29,0.0
2026-06-10,P002,产线1,35,29,2.39
2026-06-10,P003,产线2,40,38,0.0
2026-06-10,P004,产线2,27,26,0.0
2026-06-10,P005,产线3,78,75,0.0
2026-06-10,P006,产线3,300,295,0.0
2026-06-11,P001,产线1,30,29,0.0
2026-06-11,P002,产线1,34,33,0.0
2026-06-11,P003,产线2,40,38,0.0
2026-06-11,P004,产线2,28,27,0.0
2026-06-11,P005,产线3,79,75,0.0
2026-06-11,P006,产线3,303,296,0.0
2026-06-12,P001,产线1,29,28,0.0
2026-06-12,P002,产线1,36,35,0.0
2026-06-12,P003,产线2,40,29,3.86
2026-06-12,P004,产线2,28,26,0.0
2026-06-12,P005,产线3,83,80,0.0
2026-06-12,P006,产线3,298,277,0.0
2026-06-13,P001,产线1,29,28,0.0
2026-06-13,P002,产线1,35,34,0.0
2026-06-13,P003,产线2,39,38,0.0
2026-06-13,P004,产线2,29,29,0.0
2026-06-13,P005,产线3,82,79,0.0
2026-06-13,P006,产线3,305,304,0.0
2026-06-14,P001,产线1,30,28,0.0
2026-06-14,P002,产线1,36,35,0.0
2026-06-14,P003,产线2,39,38,0.0
2026-06-14,P004,产线2,27,26,0.0
2026-06-14,P005,产线3,82,81,0.0
2026-06-14,P006,产线3,302,282,0.0
2026-06-15,P001,产线1,31,29,0.0
2026-06-15,P002,产线1,35,33,0.0
2026-06-15,P003,产线2,41,40,0.0
2026-06-15,P004,产线2,28,27,0.0
2026-06-15,P005,产线3,79,77,0.0
2026-06-15,P006,产线3,297,280,0.0
2026-06-16,P001,产线1,31,30,0.0
2026-06-16,P002,产线1,34,34,0.0
2026-06-16,P003,产线2,39,37,0.0
2026-06-16,P004,产线2,28,27,0.0
2026-06-16,P005,产线3,82,79,0.0
2026-06-16,P006,产线3,310,298,0.0
2026-06-17,P001,产线1,30,29,0.0
2026-06-17,P002,产线1,34,33,0.0
2026-06-17,P003,产线2,39,34,1.74
2026-06-17,P004,产线2,28,28,0.0
2026-06-17,P005,产线3,82,78,0.0
2026-06-17,P006,产线3,297,287,0.0
2026-06-18,P001,产线1,30,29,0.0
2026-06-18,P002,产线1,36,34,0.0
2026-06-18,P003,产线2,39,31,2.28
2026-06-18,P004,产线2,27,26,0.0
2026-06-18,P005,产线3,76,73,0.0
2026-06-18,P006,产线3,292,280,0.0
2026-06-19,P001,产线1,31,30,0.0
2026-06-19,P002,产线1,35,34,0.0
2026-06-19,P003,产线2,40,36,1.22
2026-06-19,P004,产线2,29,28,0.0
2026-06-19,P005,产线3,78,78,0.0
2026-06-19,P006,产线3,305,290,0.0
2026-06-20,P001,产线1,29,28,0.0
2026-06-20,P002,产线1,36,35,0.64
2026-06-20,P003,产线2,42,40,0.0
2026-06-20,P004,产线2,27,26,0.0
2026-06-20,P005,产线3,84,83,0.0
2026-06-20,P006,产线3,310,289,0.0
2026-06-21,P001,产线1,31,31,0.0
2026-06-21,P002,产线1,36,34,0.0
2026-06-21,P003,产线2,40,40,0.0
2026-06-21,P004,产线2,28,27,0.0
2026-06-21,P005,产线3,77,61,2.18
2026-06-21,P006,产线3,294,274,0.0
2026-06-22,P001,产线1,31,30,0.0
2026-06-22,P002,产线1,35,33,0.0
2026-06-22,P003,产线2,39,32,1.78
2026-06-22,P004,产线2,29,28,0.0
2026-06-22,P005,产线3,79,75,0.0
2026-06-22,P006,产线3,306,281,0.84
2026-06-23,P001,产线1,30,28,0.0
2026-06-23,P002,产线1,33,32,0.0
2026-06-23,P003,产线2,40,36,1.56
2026-06-23,P004,产线2,27,26,0.0
2026-06-23,P005,产线3,78,77,0.0
2026-06-23,P006,产线3,288,285,0.0
2026-06-24,P001,产线1,30,28,0.59
2026-06-24,P002,产线1,35,33,0.0
2026-06-24,P003,产线2,39,36,0.0
2026-06-24,P004,产线2,27,26,0.0
2026-06-24,P005,产线3,82,79,0.0
2026-06-24,P006,产线3,287,235,2.02
2026-06-25,P001,产线1,29,29,0.0
2026-06-25,P002,产线1,33,32,0.0
2026-06-25,P003,产线2,39,37,0.0
2026-06-25,P004,产线2,27,26,0.0
2026-06-25,P005,产线3,84,65,2.88
2026-06-25,P006,产线3,308,303,0.0
2026-06-26,P001,产线1,30,29,0.0
2026-06-26,P002,产线1,34,32,0.0
2026-06-26,P003,产线2,39,38,0.0
2026-06-26,P004,产线2,29,25,1.08
2026-06-26,P005,产线3,83,81,0.0
2026-06-26,P006,产线3,312,296,0.0
2026-06-27,P001,产线1,29,28,0.0
2026-06-27,P002,产线1,34,34,0.0
2026-06-27,P003,产线2,39,39,0.0
2026-06-27,P004,产线2,27,27,0.0
2026-06-27,P005,产线3,83,69,2.36
2026-06-27,P006,产线3,295,294,0.0
2026-06-28,P001,产线1,30,28,0.0
2026-06-28,P002,产线1,36,35,0.0
2026-06-28,P003,产线2,41,39,0.0
2026-06-28,P004,产线2,28,28,0.0
2026-06-28,P005,产线3,77,76,0.0
2026-06-28,P006,产线3,302,283,0.0
2026-06-29,P001,产线1,30,30,0.0
2026-06-29,P002,产线1,36,34,0.0
2026-06-29,P003,产线2,39,37,0.0
2026-06-29,P004,产线2,29,22,2.76
2026-06-29,P005,产线3,82,78,0.0
2026-06-29,P006,产线3,297,287,0.0
2026-06-30,P001,产线1,29,29,0.0
2026-06-30,P002,产线1,34,34,0.0
2026-06-30,P003,产线2,40,39,0.0
2026-06-30,P004,产线2,27,26,0.0
2026-06-30,P005,产线3,79,76,0.0
2026-06-30,P006,产线3,310,308,0.0
2026-07-01,P001,产线1,31,31,0.0
2026-07-01,P002,产线1,37,36,0.0
2026-07-01,P003,产线2,39,39,0.0
2026-07-01,P004,产线2,29,28,0.0
2026-07-01,P005,产线3,81,78,0.0
2026-07-01,P006,产线3,301,280,0.0
2026-07-02,P001,产线1,31,30,0.0
2026-07-02,P002,产线1,36,35,0.0
2026-07-02,P003,产线2,40,40,0.0
2026-07-02,P004,产线2,29,28,0.0
2026-07-02,P005,产线3,84,80,0.0
2026-07-02,P006,产线3,296,276,0.0
2026-07-03,P001,产线1,29,28,0.0
2026-07-03,P002,产线1,37,36,0.0
2026-07-03,P003,产线2,39,39,0.0
2026-07-03,P004,产线2,27,26,0.61
2026-07-03,P005,产线3,80,76,0.0
2026-07-03,P006,产线3,291,278,0.0
2026-07-04,P001,产线1,31,29,0.0
2026-07-04,P002,产线1,34,32,0.0
2026-07-04,P003,产线2,40,39,0.0
2026-07-04,P004,产线2,28,27,0.0
2026-07-04,P005,产线3,77,74,0.0
2026-07-04,P006,产线3,291,288,0.0
2026-07-05,P001,产线1,30,29,0.0
2026-07-05,P002,产线1,33,33,0.0
2026-07-05,P003,产线2,40,39,0.0
2026-07-05,P004,产线2,28,27,0.0
2026-07-05,P005,产线3,77,77,0.0
2026-07-05,P006,产线3,304,285,0.0
2026-07-06,P001,产线1,31,30,0.0
2026-07-06,P002,产线1,34,34,0.0
2026-07-06,P003,产线2,41,39,0.0
2026-07-06,P004,产线2,29,29,0.0
2026-07-06,P005,产线3,82,77,0.0
2026-07-06,P006,产线3,287,267,0.0
2026-07-07,P001,产线1,29,28,0.0
2026-07-07,P002,产线1,35,35,0.0
2026-07-07,P003,产线2,39,39,0.0
2026-07-07,P004,产线2,27,27,0.0
2026-07-07,P005,产线3,83,75,1.46
2026-07-07,P006,产线3,294,276,0.0
2026-07-08,P001,产线1,30,28,0.0
2026-07-08,P002,产线1,36,31,1.7
2026-07-08,P003,产线2,39,36,0.0
2026-07-08,P004,产线2,28,24,2.12
2026-07-08,P005,产线3,77,75,0.0
2026-07-08,P006,产线3,301,288,0.0
2026-07-09,P001,产线1,29,29,0.0
2026-07-09,P002,产线1,34,33,0.0
2026-07-09,P003,产线2,38,37,0.0
2026-07-09,P004,产线2,29,27,0.0
2026-07-09,P005,产线3,83,80,0.0
2026-07-09,P006,产线3,294,293,0.0
2026-07-10,P001,产线1,30,29,0.0
2026-07-10,P002,产线1,36,35,0.0
2026-07-10,P003,产线2,40,37,1.17
2026-07-10,P004,产线2,29,28,0.0
2026-07-10,P005,产线3,79,77,0.0
2026-07-10,P006,产线3,297,278,0.0
2026-07-11,P001,产线1,30,24,2.85
2026-07-11,P002,产线1,36,34,0.0
2026-07-11,P003,产线2,42,37,2.29
2026-07-11,P004,产线2,29,27,0.0
2026-07-11,P005,产线3,81,80,0.0
2026-07-11,P006,产线3,310,295,0.0
2026-07-12,P001,产线1,29,28,0.0
2026-07-12,P002,产线1,33,32,0.0
2026-07-12,P003,产线2,39,34,1.41
2026-07-12,P004,产线2,27,25,0.0
2026-07-12,P005,产线3,83,80,0.0
2026-07-12,P006,产线3,299,298,0.0
2026-07-13,P001,产线1,30,29,0.0
2026-07-13,P002,产线1,35,35,0.0
2026-07-13,P003,产线2,39,38,0.0
2026-07-13,P004,产线2,27,26,0.0
2026-07-13,P005,产线3,76,75,0.0
2026-07-13,P006,产线3,311,291,0.0
2026-07-14,P001,产线1,30,28,0.0
2026-07-14,P002,产线1,34,34,0.0
2026-07-14,P003,产线2,38,37,0.0
2026-07-14,P004,产线2,29,29,0.0
2026-07-14,P005,产线3,82,68,2.71
2026-07-14,P006,产线3,315,307,0.0
2026-07-15,P001,产线1,30,28,0.0
2026-07-15,P002,产线1,36,34,0.0
2026-07-15,P003,产线2,38,36,0.0
2026-07-15,P004,产线2,28,27,0.0
2026-07-15,P005,产线3,77,74,0.0
2026-07-15,P006,产线3,297,288,0.0
2026-07-16,P001,产线1,29,27,0.0
2026-07-16,P002,产线1,34,33,0.0
2026-07-16,P003,产线2,41,39,0.0
2026-07-16,P004,产线2,28,27,0.0
2026-07-16,P005,产线3,83,77,0.0
2026-07-16,P006,产线3,309,292,0.0
2026-07-17,P001,产线1,31,29,0.0
2026-07-17,P002,产线1,35,33,0.0
2026-07-17,P003,产线2,40,37,0.0
2026-07-17,P004,产线2,28,26,0.0
2026-07-17,P005,产线3,77,74,0.0
2026-07-17,P006,产线3,289,279,0.0
2026-07-18,P001,产线1,31,29,0.0
2026-07-18,P002,产线1,34,32,0.0
2026-07-18,P003,产线2,40,37,0.0
2026-07-18,P004,产线2,27,25,0.0
2026-07-18,P005,产线3,83,81,0.0
2026-07-18,P006,产线3,303,284,0.0
2026-07-19,P001,产线1,31,31,0.0
2026-07-19,P002,产线1,35,34,0.0
2026-07-19,P003,产线2,40,38,0.0
2026-07-19,P004,产线2,28,27,0.0
2026-07-19,P005,产线3,80,76,0.0
2026-07-19,P006,产线3,310,307,0.0
2026-07-20,P001,产线1,29,27,0.0
2026-07-20,P002,产线1,33,32,0.0
2026-07-20,P003,产线2,40,37,0.0
2026-07-20,P004,产线2,29,28,0.0
2026-07-20,P005,产线3,81,76,0.0
2026-07-20,P006,产线3,311,303,0.0
2026-07-21,P001,产线1,30,30,0.0
2026-07-21,P002,产线1,35,34,0.0
2026-07-21,P003,产线2,40,38,0.0
2026-07-21,P004,产线2,28,27,0.0
2026-07-21,P005,产线3,79,75,0.0
2026-07-21,P006,产线3,295,294,0.0
2026-07-22,P001,产线1,29,29,0.0
2026-07-22,P002,产线1,34,32,0.0
2026-07-22,P003,产线2,39,36,0.0
2026-07-22,P004,产线2,28,27,0.0
2026-07-22,P005,产线3,81,78,0.0
2026-07-22,P006,产线3,292,282,0.0
2026-07-23,P001,产线1,30,25,2.25
2026-07-23,P002,产线1,34,33,0.0
2026-07-23,P003,产线2,38,36,0.0
2026-07-23,P004,产线2,29,29,0.0
2026-07-23,P005,产线3,80,76,0.0
2026-07-23,P006,产线3,288,288,0.0
2026-07-24,P001,产线1,30,29,0.0
2026-07-24,P002,产线1,34,32,0.0
2026-07-24,P003,产线2,39,37,0.87
2026-07-24,P004,产线2,29,29,0.0
2026-07-24,P005,产线3,77,76,0.0
2026-07-24,P006,产线3,295,283,0.0
2026-07-25,P001,产线1,30,28,0.0
2026-07-25,P002,产线1,36,34,0.0
2026-07-25,P003,产线2,41,39,0.0
2026-07-25,P004,产线2,29,28,0.0
2026-07-25,P005,产线3,78,78,0.0
2026-07-25,P006,产线3,313,295,0.0
2026-07-26,P001,产线1,30,29,0.0
2026-07-26,P002,产线1,35,33,0.0
2026-07-26,P003,产线2,40,31,3.94
2026-07-26,P004,产线2,29,27,0.0
2026-07-26,P005,产线3,77,74,0.0
2026-07-26,P006,产线3,301,300,0.0
2026-07-27,P001,产线1,29,29,0.0
2026-07-27,P002,产线1,34,33,0.0
2026-07-27,P003,产线2,40,37,0.0
2026-07-27,P004,产线2,29,27,0.0
2026-07-27,P005,产线3,80,77,0.0
2026-07-27,P006,产线3,301,289,0.0
2026-07-28,P001,产线1,30,29,0.0
2026-07-28,P002,产线1,35,33,0.0
2026-07-28,P003,产线2,42,35,3.73
2026-07-28,P004,产线2,28,27,0.0
2026-07-28,P005,产线3,77,76,0.0
2026-07-28,P006,产线3,287,268,0.0
2026-07-29,P001,产线1,29,28,0.0
2026-07-29,P002,产线1,37,35,0.0
2026-07-29,P003,产线2,38,36,0.0
2026-07-29,P004,产线2,28,27,0.0
2026-07-29,P005,产线3,81,77,0.0
2026-07-29,P006,产线3,304,284,0.0
2026-07-30,P001,产线1,30,28,0.0
2026-07-30,P002,产线1,35,34,0.0
2026-07-30,P003,产线2,42,42,0.0
2026-07-30,P004,产线2,28,26,0.0
2026-07-30,P005,产线3,79,78,0.0
2026-07-30,P006,产线3,305,264,1.51
2026-07-31,P001,产线1,29,29,0.0
2026-07-31,P002,产线1,34,33,0.0
2026-07-31,P003,产线2,41,39,0.0
2026-07-31,P004,产线2,29,29,0.0
2026-07-31,P005,产线3,78,73,0.0
2026-07-31,P006,产线3,300,288,0.0
2026-08-01,P001,产线1,30,30,0.0
2026-08-01,P002,产线1,36,34,0.0
2026-08-01,P003,产线2,39,38,0.0
2026-08-01,P004,产线2,27,25,0.0
2026-08-01,P005,产线3,79,74,0.0
2026-08-01,P006,产线3,297,297,0.0
2026-08-02,P001,产线1,30,22,3.44
2026-08-02,P002,产线1,36,35,0.0
2026-08-02,P003,产线2,40,37,0.0
2026-08-02,P004,产线2,29,29,0.0
2026-08-02,P005,产线3,78,78,0.0
2026-08-02,P006,产线3,298,284,0.0
2026-08-03,P001,产线1,31,30,0.0
2026-08-03,P002,产线1,37,35,0.0
2026-08-03,P003,产线2,40,40,0.0
2026-08-03,P004,产线2,27,26,0.0
2026-08-03,P005,产线3,80,78,0.0
2026-08-03,P006,产线3,292,280,0.0
2026-08-04,P001,产线1,30,28,0.0
2026-08-04,P002,产线1,33,31,0.0
2026-08-04,P003,产线2,40,40,0.0
2026-08-04,P004,产线2,27,26,0.0
2026-08-04,P005,产线3,81,79,0.0
2026-08-04,P006,产线3,295,280,0.0
2026-08-05,P001,产线1,31,31,0.0
2026-08-05,P002,产线1,35,34,0.0
2026-08-05,P003,产线2,38,37,0.0
2026-08-05,P004,产线2,29,29,0.0
2026-08-05,P005,产线3,82,81,0.0
2026-08-05,P006,产线3,301,287,0.0
2026-08-06,P001,产线1,31,30,0.0
2026-08-06,P002,产线1,34,32,0.0
2026-08-06,P003,产线2,39,32,2.54
2026-08-06,P004,产线2,29,29,0.0
2026-08-06,P005,产线3,81,62,3.17
2026-08-06,P006,产线3,294,276,0.0
2026-08-07,P001,产线1,30,29,0.0
2026-08-07,P002,产线1,35,33,0.0
2026-08-07,P003,产线2,42,39,0.0
2026-08-07,P004,产线2,29,20,3.83
2026-08-07,P005,产线3,76,73,0.0
2026-08-07,P006,产线3,312,299,0.0
2026-08-08,P001,产线1,31,30,0.0
2026-08-08,P002,产线1,35,34,0.0
2026-08-08,P003,产线2,42,40,0.0
2026-08-08,P004,产线2,27,27,0.0
2026-08-08,P005,产线3,80,76,0.0
2026-08-08,P006,产线3,289,275,0.0
2026-08-09,P001,产线1,31,30,0.0
2026-08-09,P002,产线1,35,35,0.0
2026-08-09,P003,产线2,42,42,0.0
2026-08-09,P004,产线2,27,26,0.0
2026-08-09,P005,产线3,80,77,0.0
2026-08-09,P006,产线3,300,287,0.0
2026-08-10,P001,产线1,29,28,0.0
2026-08-10,P002,产线1,35,33,0.0
2026-08-10,P003,产线2,41,38,0.91
2026-08-10,P004,产线2,27,26,0.0
2026-08-10,P005,产线3,80,76,0.0
2026-08-10,P006,产线3,300,293,0.0
2026-08-11,P001,产线1,30,29,0.0
2026-08-11,P002,产线1,34,33,0.0
2026-08-11,P003,产线2,40,39,0.0
2026-08-11,P004,产线2,28,26,0.0
2026-08-11,P005,产线3,76,72,0.0
2026-08-11,P006,产线3,291,288,0.0
2026-08-12,P001,产线1,30,30,0.0
2026-08-12,P002,产线1,35,34,0.0
2026-08-12,P003,产线2,39,38,0.0
2026-08-12,P004,产线2,29,27,0.0
2026-08-12,P005,产线3,83,78,0.0
2026-08-12,P006,产线3,299,264,1.59
2026-08-13,P001,产线1,29,27,0.0
2026-08-13,P002,产线1,33,31,0.0
2026-08-13,P003,产线2,39,38,0.0
2026-08-13,P004,产线2,27,26,0.0
2026-08-13,P005,产线3,81,79,0.0
2026-08-13,P006,产线3,314,297,0.0
2026-08-14,P001,产线1,30,28,0.0
2026-08-14,P002,产线1,36,34,0.0
2026-08-14,P003,产线2,42,42,0.0
2026-08-14,P004,产线2,27,25,0.0
2026-08-14,P005,产线3,81,79,0.0
2026-08-14,P006,产线3,315,298,0.0
2026-08-15,P001,产线1,31,30,0.0
2026-08-15,P002,产线1,34,33,0.0
2026-08-15,P003,产线2,39,37,0.0
2026-08-15,P004,产线2,29,27,0.0
2026-08-15,P005,产线3,81,76,0.0
2026-08-15,P006,产线3,289,278,0.0
2026-08-16,P001,产线1,30,29,0.0
2026-08-16,P002,产线1,34,33,0.0
2026-08-16,P003,产线2,42,39,0.0
2026-08-16,P004,产线2,29,28,0.0
2026-08-16,P005,产线3,76,73,0.0
2026-08-16,P006,产线3,286,277,0.0
2026-08-17,P001,产线1,29,28,0.0
2026-08-17,P002,产线1,36,34,0.0
2026-08-17,P003,产线2,40,40,0.0
2026-08-17,P004,产线2,27,26,0.0
2026-08-17,P005,产线3,78,76,0.0
2026-08-17,P006,产线3,286,275,0.0
2026-08-18,P001,产线1,30,28,0.0
2026-08-18,P002,产线1,36,34,0.0
2026-08-18,P003,产线2,41,41,0.0
2026-08-18,P004,产线2,27,20,2.55
2026-08-18,P005,产线3,79,77,0.0
2026-08-18,P006,产线3,299,285,0.0
2026-08-19,P001,产线1,29,27,0.0
2026-08-19,P002,产线1,34,33,0.0
2026-08-19,P003,产线2,42,40,0.0
2026-08-19,P004,产线2,27,25,0.93
2026-08-19,P005,产线3,81,76,0.0
2026-08-19,P006,产线3,309,309,0.0
2026-08-20,P001,产线1,29,29,0.0
2026-08-20,P002,产线1,35,34,0.0
2026-08-20,P003,产线2,39,38,0.0
2026-08-20,P004,产线2,29,27,0.0
2026-08-20,P005,产线3,80,75,0.0
2026-08-20,P006,产线3,292,273,0.0
2026-08-21,P001,产线1,30,29,0.0
2026-08-21,P002,产线1,35,34,0.0
2026-08-21,P003,产线2,38,36,0.0
2026-08-21,P004,产线2,28,27,0.0
2026-08-21,P005,产线3,82,80,0.0
2026-08-21,P006,产线3,314,281,0.69
2026-08-22,P001,产线1,29,29,0.0
2026-08-22,P002,产线1,34,34,0.0
2026-08-22,P003,产线2,40,38,0.0
2026-08-22,P004,产线2,29,27,0.0
2026-08-22,P005,产线3,78,76,0.0
2026-08-22,P006,产线3,289,275,0.0
2026-08-23,P001,产线1,31,31,0.0
2026-08-23,P002,产线1,34,32,0.0
2026-08-23,P003,产线2,40,37,0.0
2026-08-23,P004,产线2,28,26,0.0
2026-08-23,P005,产线3,79,78,0.0
2026-08-23,P006,产线3,313,293,0.0
2026-08-24,P001,产线1,29,28,0.0
2026-08-24,P002,产线1,34,32,0.0
2026-08-24,P003,产线2,42,42,0.0
2026-08-24,P004,产线2,28,27,0.0
2026-08-24,P005,产线3,81,65,2.58
2026-08-24,P006,产线3,300,290,0.0
2026-08-25,P001,产线1,31,31,0.0
2026-08-25,P002,产线1,36,33,1.51
2026-08-25,P003,产线2,39,36,0.0
2026-08-25,P004,产线2,27,27,0.0
2026-08-25,P005,产线3,83,82,0.0
2026-08-25,P006,产线3,294,288,0.0
2026-08-26,P001,产线1,30,30,0.0
2026-08-26,P002,产线1,36,35,0.0
2026-08-26,P003,产线2,39,36,0.0
2026-08-26,P004,产线2,27,26,0.0
2026-08-26,P005,产线3,78,74,0.0
2026-08-26,P006,产线3,288,286,0.0
2026-08-27,P001,产线1,31,22,3.74
2026-08-27,P002,产线1,34,32,0.0
2026-08-27,P003,产线2,41,41,0.0
2026-08-27,P004,产线2,27,25,0.0
2026-08-27,P005,产线3,77,74,0.0
2026-08-27,P006,产线3,289,289,0.0
2026-08-28,P001,产线1,29,28,0.0
2026-08-28,P002,产线1,34,33,0.0
2026-08-28,P003,产线2,38,38,0.0
2026-08-28,P004,产线2,29,28,0.0
2026-08-28,P005,产线3,81,78,0.0
2026-08-28,P006,产线3,301,290,0.0
2026-08-29,P001,产线1,29,27,0.0
2026-08-29,P002,产线1,35,33,0.0
2026-08-29,P003,产线2,38,36,0.0
2026-08-29,P004,产线2,29,28,0.0
2026-08-29,P005,产线3,84,83,0.0
2026-08-29,P006,产线3,310,291,0.0
2026-08-30,P001,产线1,29,28,0.0
2026-08-30,P002,产线1,34,33,0.0
2026-08-30,P003,产线2,40,37,0.0
2026-08-30,P004,产线2,28,27,0.0
2026-08-30,P005,产线3,76,74,0.0
2026-08-30,P006,产线3,293,282,0.0
2026-08-31,P001,产线1,29,27,0.0
2026-08-31,P002,产线1,34,34,0.0
2026-08-31,P003,产线2,42,41,0.0
2026-08-31,P004,产线2,27,25,0.0
2026-08-31,P005,产线3,82,79,0.0
2026-08-31,P006,产线3,299,294,0.0
